{
"type": "FeatureCollection",
"name": "LonjasMercadosFerias2025",
"crs": { "type": "name", "properties": { "name": "urn:ogc:def:crs:OGC:1.3:CRS84" } },
"features": [
{ "type": "Feature", "properties": { "codigo_provincia": "06", "codigo_municipio": "108", "nombre": "PLAZA  ABASTOS", "tipo_lonja": "ME", "titularidad": "MU", "gestion": "MU", "superficie_cubierta": 427.0, "superficie_aire": 0.0, "superficie_solar": 427.0, "estado": "B", "referencia_catastral": "NA", "acceso_silla_ruedas": "SI" }, "geometry": { "type": "MultiPolygon", "coordinates": [ [ [ [ -6.400655752034052, 38.394336944853698 ], [ -6.400683513239669, 38.394553346595636 ], [ -6.400514751252378, 38.394554016800008 ], [ -6.400454722174868, 38.394515357067739 ], [ -6.400440182588965, 38.39434241242769 ], [ -6.400655752034052, 38.394336944853698 ] ] ] ] } },
{ "type": "Feature", "properties": { "codigo_provincia": "06", "codigo_municipio": "109", "nombre": "MERCADO", "tipo_lonja": "ME", "titularidad": "MU", "gestion": "MU", "superficie_cubierta": 730.0, "superficie_aire": 45.0, "superficie_solar": 775.0, "estado": "B", "referencia_catastral": "NA", "acceso_silla_ruedas": "SI" }, "geometry": { "type": "MultiPolygon", "coordinates": [ [ [ [ -5.669649515677222, 38.740223052653398 ], [ -5.66959509230391, 38.740116718879065 ], [ -5.669792136394038, 38.740078129912689 ], [ -5.669852882268409, 38.740253753211313 ], [ -5.669856353097352, 38.740447526214552 ], [ -5.669629960110922, 38.74044441074296 ], [ -5.669585593937576, 38.740222218099355 ], [ -5.669649515677222, 38.740223052653398 ] ] ] ] } },
{ "type": "Feature", "properties": { "codigo_provincia": "06", "codigo_municipio": "113", "nombre": "MERCADO", "tipo_lonja": "ME", "titularidad": "MU", "gestion": "MU", "superficie_cubierta": 265.0, "superficie_aire": 10.0, "superficie_solar": 275.0, "estado": "B", "referencia_catastral": "NA", "acceso_silla_ruedas": "SI" }, "geometry": { "type": "MultiPolygon", "coordinates": [ [ [ [ -6.240392556044034, 38.551819223411364 ], [ -6.240308103006645, 38.551897287517086 ], [ -6.240202148715866, 38.551816828635346 ], [ -6.240315731207803, 38.551675531931743 ], [ -6.240473463981499, 38.551763770053086 ], [ -6.240392556044034, 38.551819223411364 ] ] ] ] } },
{ "type": "Feature", "properties": { "codigo_provincia": "06", "codigo_municipio": "116", "nombre": "RECINTO FERIAL LA MOLINERA", "tipo_lonja": "FE", "titularidad": "MU", "gestion": "MU", "superficie_cubierta": 650.0, "superficie_aire": 3045.0, "superficie_solar": 3695.0, "estado": "B", "referencia_catastral": "NA", "acceso_silla_ruedas": "SI" }, "geometry": { "type": "MultiPolygon", "coordinates": [ [ [ [ -6.783462539137965, 38.510619091908886 ], [ -6.783495429281656, 38.51057368949251 ], [ -6.784241257204676, 38.510470583906304 ], [ -6.784294604569435, 38.510495876716732 ], [ -6.784464288340693, 38.510637950811038 ], [ -6.784364862944636, 38.51068441484356 ], [ -6.784349522910347, 38.51073823248106 ], [ -6.784265727142242, 38.510780746842109 ], [ -6.784352323501111, 38.510892565832634 ], [ -6.784109915958182, 38.511009666530306 ], [ -6.784014611824849, 38.511041846950519 ], [ -6.783961243353467, 38.511049808591309 ], [ -6.783910997153359, 38.511050048517532 ], [ -6.783857602828405, 38.511040691213076 ], [ -6.783809272503742, 38.511027013328814 ], [ -6.783762521466812, 38.511009820388033 ], [ -6.783722787733311, 38.510987884815329 ], [ -6.78368131702717, 38.51095771690305 ], [ -6.783655075717615, 38.51092808303477 ], [ -6.78362836330342, 38.510889458136987 ], [ -6.78359836271748, 38.510808439523387 ], [ -6.78358878964832, 38.51077365684754 ], [ -6.783551011911247, 38.510776264445134 ], [ -6.783536814622381, 38.510724071691108 ], [ -6.783476834557558, 38.510689986815734 ], [ -6.783462539137965, 38.510619091908886 ] ] ] ] } },
{ "type": "Feature", "properties": { "codigo_provincia": "06", "codigo_municipio": "121", "nombre": "RECINTO FERIAL MUNICIPAL", "tipo_lonja": "FE", "titularidad": "MU", "gestion": "MU", "superficie_cubierta": 0.0, "superficie_aire": 9465.0, "superficie_solar": 9465.0, "estado": "B", "referencia_catastral": "NA", "acceso_silla_ruedas": "SI" }, "geometry": { "type": "MultiPolygon", "coordinates": [ [ [ [ -6.629346527715206, 38.609568925221865 ], [ -6.630462339294605, 38.609838488485138 ], [ -6.629974694546203, 38.610786809545694 ], [ -6.629278664644407, 38.610658623316205 ], [ -6.629332447434769, 38.610333429247369 ], [ -6.62940100640856, 38.609895345968475 ], [ -6.629346527715206, 38.609568925221865 ] ] ] ] } },
{ "type": "Feature", "properties": { "codigo_provincia": "06", "codigo_municipio": "088", "nombre": "RECITO FERIAL", "tipo_lonja": "FE", "titularidad": "MU", "gestion": "MU", "superficie_cubierta": 427.0, "superficie_aire": 12466.0, "superficie_solar": 12893.0, "estado": "B", "referencia_catastral": "7897308QD0079N0001WR", "acceso_silla_ruedas": "NO" }, "geometry": { "type": "MultiPolygon", "coordinates": [ [ [ [ -6.605288776534524, 38.911123096978699 ], [ -6.605160030501802, 38.911156490311022 ], [ -6.605009826796961, 38.911156490311008 ], [ -6.604961547034697, 38.911110574475039 ], [ -6.604886445182273, 38.911035439406469 ], [ -6.604843529838035, 38.910956130081196 ], [ -6.604816707747881, 38.910826730465516 ], [ -6.605047377723149, 38.90994179773859 ], [ -6.605149301665714, 38.909845790222704 ], [ -6.605208310264041, 38.909749782576938 ], [ -6.604172977584261, 38.909570289673596 ], [ -6.604226621764561, 38.909244696737133 ], [ -6.605717929976876, 38.909307310879313 ], [ -6.605739387649001, 38.909349053610136 ], [ -6.605288776534524, 38.911123096978699 ] ] ] ] } },
{ "type": "Feature", "properties": { "codigo_provincia": "06", "codigo_municipio": "088", "nombre": "RECINTO FERIAL", "tipo_lonja": "FE", "titularidad": "MU", "gestion": "MU", "superficie_cubierta": 1762.0, "superficie_aire": 12372.0, "superficie_solar": 14134.0, "estado": "B", "referencia_catastral": "7897308QD0079N0001WR", "acceso_silla_ruedas": "NO" }, "geometry": { "type": "MultiPolygon", "coordinates": [ [ [ [ -6.604854258674105, 38.911565557357498 ], [ -6.604720148223351, 38.911511293497206 ], [ -6.603979858535227, 38.91168243322349 ], [ -6.603802832740234, 38.91126084437348 ], [ -6.604221257346536, 38.909691343076908 ], [ -6.604832801001947, 38.909799873538752 ], [ -6.604843529838013, 38.909866661432808 ], [ -6.604859623092102, 38.909904229595639 ], [ -6.604873034137175, 38.909929275026421 ], [ -6.604645046370923, 38.91077664022837 ], [ -6.604639681952896, 38.910866385211513 ], [ -6.604661139625011, 38.910949868814953 ], [ -6.604682597297133, 38.911022916887312 ], [ -6.604720148223346, 38.911077181121072 ], [ -6.604763063567584, 38.911135619480163 ], [ -6.604819389956894, 38.911198231954373 ], [ -6.604862305301143, 38.911235799412466 ], [ -6.60489717401833, 38.911265018532688 ], [ -6.604899856227351, 38.911298411798349 ], [ -6.604870351928191, 38.911377720741179 ], [ -6.604854258674105, 38.911565557357498 ] ] ] ] } },
{ "type": "Feature", "properties": { "codigo_provincia": "06", "codigo_municipio": "072", "nombre": "CASETA JOVEN", "tipo_lonja": "FE", "titularidad": "MU", "gestion": "MU", "superficie_cubierta": 372.0, "superficie_aire": 0.0, "superficie_solar": 372.0, "estado": "B", "referencia_catastral": "NA", "acceso_silla_ruedas": "NO" }, "geometry": { "type": "MultiPolygon", "coordinates": [ [ [ [ -6.629858090932599, 38.850639188175826 ], [ -6.629753484781024, 38.850749897726821 ], [ -6.629530861432775, 38.850620388423671 ], [ -6.629636808688864, 38.85050758980617 ], [ -6.629858090932599, 38.850639188175826 ] ] ] ] } },
{ "type": "Feature", "properties": { "codigo_provincia": "06", "codigo_municipio": "072", "nombre": "ASEOS PÚBLICOS", "tipo_lonja": "LO", "titularidad": "MU", "gestion": "MU", "superficie_cubierta": 43.0, "superficie_aire": 0.0, "superficie_solar": 43.0, "estado": "B", "referencia_catastral": "NA", "acceso_silla_ruedas": "NO" }, "geometry": { "type": "MultiPolygon", "coordinates": [ [ [ [ -6.629631444270834, 38.850461634762603 ], [ -6.629603281076175, 38.850492967750078 ], [ -6.629508062656142, 38.850439701663149 ], [ -6.629536225850798, 38.850408368652204 ], [ -6.629631444270834, 38.850461634762603 ] ] ] ] } },
{ "type": "Feature", "properties": { "codigo_provincia": "06", "codigo_municipio": "153", "nombre": "PABELLÓN MULTIUSOS JUAN HIDALGO", "tipo_lonja": "FE", "titularidad": "MU", "gestion": "MU", "superficie_cubierta": 2633.0, "superficie_aire": 557.0, "superficie_solar": 2755.0, "estado": "B", "referencia_catastral": "06153A036054160001LS", "acceso_silla_ruedas": "SI" }, "geometry": { "type": "MultiPolygon", "coordinates": [ [ [ [ -5.808244276429785, 38.97920929325516 ], [ -5.807694460963181, 38.979264880541777 ], [ -5.806912419866448, 38.979343919701158 ], [ -5.806876901368337, 38.979132685713601 ], [ -5.807671198628564, 38.979052355308077 ], [ -5.80820920674633, 38.978997977740072 ], [ -5.808244276429785, 38.97920929325516 ] ] ] ] } },
{ "type": "Feature", "properties": { "codigo_provincia": "06", "codigo_municipio": "021", "nombre": "MERCADO MUNICIPAL", "tipo_lonja": "ME", "titularidad": "MU", "gestion": "MU", "superficie_cubierta": 147.0, "superficie_aire": 0.0, "superficie_solar": 147.0, "estado": "M", "referencia_catastral": "NA", "acceso_silla_ruedas": "SI" }, "geometry": { "type": "MultiPolygon", "coordinates": [ [ [ [ -6.557323405201712, 38.14547823939234 ], [ -6.557384450555062, 38.145562932795933 ], [ -6.557255065326002, 38.145623023407325 ], [ -6.557190167541447, 38.145540711106392 ], [ -6.557323405201712, 38.14547823939234 ] ] ] ] } },
{ "type": "Feature", "properties": { "codigo_provincia": "06", "codigo_municipio": "023", "nombre": "PLAZA  ABASTOS", "tipo_lonja": "ME", "titularidad": "MU", "gestion": "MU", "superficie_cubierta": 518.0, "superficie_aire": 0.0, "superficie_solar": 518.0, "estado": "B", "referencia_catastral": "7385101UH0878N0001KQ", "acceso_silla_ruedas": "SI" }, "geometry": { "type": "MultiPolygon", "coordinates": [ [ [ [ -5.217869538220741, 38.722659604897096 ], [ -5.217606191346047, 38.722869397212548 ], [ -5.217594690547228, 38.722869435083481 ], [ -5.21746511593423, 38.722763598315666 ], [ -5.217461115940332, 38.722760331106223 ], [ -5.217537159576927, 38.722709804946859 ], [ -5.217671041582087, 38.722610411437664 ], [ -5.217735890486465, 38.7225853405346 ], [ -5.217766530326323, 38.722622756420805 ], [ -5.217784129732376, 38.722607521930271 ], [ -5.217869538220741, 38.722659604897096 ] ] ] ] } },
{ "type": "Feature", "properties": { "codigo_provincia": "06", "codigo_municipio": "024", "nombre": "PLAZA  ABASTOS", "tipo_lonja": "ME", "titularidad": "MU", "gestion": "MU", "superficie_cubierta": 510.0, "superficie_aire": 196.0, "superficie_solar": 706.0, "estado": "B", "referencia_catastral": "NA", "acceso_silla_ruedas": "SI" }, "geometry": { "type": "MultiPolygon", "coordinates": [ [ [ [ -6.422389768529369, 38.08772772328814 ], [ -6.422241881272298, 38.087731882943068 ], [ -6.422235809246659, 38.087449000206831 ], [ -6.422228318922506, 38.087341987475057 ], [ -6.422284628072736, 38.087340319576938 ], [ -6.42228545698335, 38.087314690934029 ], [ -6.422314900611222, 38.087251421798221 ], [ -6.422446544688773, 38.087295593006289 ], [ -6.422392894683187, 38.087447583156852 ], [ -6.422389768529369, 38.08772772328814 ] ] ] ] } },
{ "type": "Feature", "properties": { "codigo_provincia": "06", "codigo_municipio": "028", "nombre": "MERCADO MUNICIPAL", "tipo_lonja": "ME", "titularidad": "MU", "gestion": "MU", "superficie_cubierta": 285.0, "superficie_aire": 0.0, "superficie_solar": 285.0, "estado": "M", "referencia_catastral": "NA", "acceso_silla_ruedas": "SI" }, "geometry": { "type": "MultiPolygon", "coordinates": [ [ [ [ -5.618286325029199, 38.863518426355924 ], [ -5.618497026751288, 38.863657714366717 ], [ -5.618492663165052, 38.863670695774495 ], [ -5.618496192101164, 38.863685925210156 ], [ -5.618476061517095, 38.863705033840361 ], [ -5.618480390701648, 38.86370970901168 ], [ -5.618439343533455, 38.863743877421527 ], [ -5.618194713996492, 38.863589596620251 ], [ -5.618283353657437, 38.863516496698772 ], [ -5.618286325029199, 38.863518426355924 ] ] ] ] } },
{ "type": "Feature", "properties": { "codigo_provincia": "06", "codigo_municipio": "085", "nombre": "PABELLON FERIAL", "tipo_lonja": "FE", "titularidad": "MU", "gestion": "MU", "superficie_cubierta": 1500.0, "superficie_aire": 6710.0, "superficie_solar": 8210.0, "estado": "B", "referencia_catastral": "NA", "acceso_silla_ruedas": "SI" }, "geometry": { "type": "MultiPolygon", "coordinates": [ [ [ [ -6.266736689528425, 38.085358735331909 ], [ -6.266657189673781, 38.085403428675527 ], [ -6.265800448657198, 38.085320367937321 ], [ -6.265803059054003, 38.085301109988315 ], [ -6.26588939757318, 38.085131462537731 ], [ -6.265969208059646, 38.084981105941594 ], [ -6.266015084250465, 38.084782515242566 ], [ -6.265988342897389, 38.08443870909116 ], [ -6.266917521148385, 38.084513660582203 ], [ -6.266960884256279, 38.084591936408003 ], [ -6.266736689528425, 38.085358735331909 ] ] ] ] } },
{ "type": "Feature", "properties": { "codigo_provincia": "06", "codigo_municipio": "011", "nombre": "MERCADO ABASTOS", "tipo_lonja": "ME", "titularidad": "MU", "gestion": "MU", "superficie_cubierta": 2048.0, "superficie_aire": 0.0, "superficie_solar": 2048.0, "estado": "B", "referencia_catastral": "5747401QC2854N0001EY", "acceso_silla_ruedas": "SI" }, "geometry": { "type": "MultiPolygon", "coordinates": [ [ [ [ -6.406518547046846, 38.681010013696977 ], [ -6.406366308935628, 38.681124883946914 ], [ -6.406352618775046, 38.681115193011451 ], [ -6.406217623157711, 38.681216667335747 ], [ -6.406232861191848, 38.681228835687214 ], [ -6.406104186384867, 38.68132788332634 ], [ -6.406058549554864, 38.681345750586651 ], [ -6.405974113818567, 38.681278453003948 ], [ -6.405982391542265, 38.681272045460432 ], [ -6.405854415767779, 38.681167307737873 ], [ -6.405846785795018, 38.681172294979007 ], [ -6.405791442534218, 38.68112878317789 ], [ -6.405787995431834, 38.681086280875384 ], [ -6.405924478875678, 38.680982714103692 ], [ -6.405935566753506, 38.68099172770647 ], [ -6.406074942474615, 38.680886482335019 ], [ -6.40606243917894, 38.680875898395755 ], [ -6.406207265790198, 38.6807668502789 ], [ -6.406242954443899, 38.680769173032637 ], [ -6.406300173686097, 38.680803240486568 ], [ -6.40626357531853, 38.680830605949922 ], [ -6.406278115746158, 38.680843263234323 ], [ -6.406294613489915, 38.680831943163192 ], [ -6.406333887758474, 38.680865552870706 ], [ -6.406342089417096, 38.680859427802218 ], [ -6.406396712567031, 38.680905658049312 ], [ -6.406389634883674, 38.68091097957231 ], [ -6.406421766080917, 38.680937229937228 ], [ -6.406440985777119, 38.680922164915756 ], [ -6.40651908372182, 38.680983651581371 ], [ -6.406518547046846, 38.681010013696977 ] ] ] ] } },
{ "type": "Feature", "properties": { "codigo_provincia": "06", "codigo_municipio": "153", "nombre": "MERCADO ABASTOS", "tipo_lonja": "ME", "titularidad": "MU", "gestion": "MU", "superficie_cubierta": 1223.0, "superficie_aire": 0.0, "superficie_solar": 1223.0, "estado": "B", "referencia_catastral": "7977803TJ5177N", "acceso_silla_ruedas": "NO" }, "geometry": { "type": "MultiPolygon", "coordinates": [ [ [ [ -5.795861847239995, 38.973483599544281 ], [ -5.795648648149863, 38.973432853446269 ], [ -5.795538092978178, 38.973406674159818 ], [ -5.795501908854297, 38.973346459878293 ], [ -5.795559270307739, 38.973264363812135 ], [ -5.795716490741837, 38.973039242671149 ], [ -5.795808344299214, 38.973077041318604 ], [ -5.795990643138418, 38.973152041561853 ], [ -5.795976287981622, 38.973189052582903 ], [ -5.795973566331838, 38.973196144897699 ], [ -5.795937413133534, 38.973289264390566 ], [ -5.795934160998859, 38.973297540599518 ], [ -5.79590009775101, 38.973385114450849 ], [ -5.795861847239995, 38.973483599544281 ] ] ] ] } },
{ "type": "Feature", "properties": { "codigo_provincia": "06", "codigo_municipio": "044", "nombre": "MERCADO DE ABASTOS MUNICIPAL", "tipo_lonja": "ME", "titularidad": "MU", "gestion": "MU", "superficie_cubierta": 1650.0, "superficie_aire": 0.0, "superficie_solar": 1650.0, "estado": "B", "referencia_catastral": "NA", "acceso_silla_ruedas": "NO" }, "geometry": { "type": "MultiPolygon", "coordinates": [ [ [ [ -5.861217666003624, 38.955039230074711 ], [ -5.860981710099318, 38.955028299865106 ], [ -5.860831401830307, 38.95501160077557 ], [ -5.860928571931622, 38.954538726410199 ], [ -5.861031248274582, 38.954542027008877 ], [ -5.861030998822512, 38.954550645079301 ], [ -5.861056925949746, 38.95455047467501 ], [ -5.861058050081598, 38.954541369640275 ], [ -5.861118624664878, 38.95454290972426 ], [ -5.861119910990428, 38.954552653902994 ], [ -5.861151235901234, 38.954553282104456 ], [ -5.861150697579497, 38.954544216308278 ], [ -5.861257948856459, 38.954545776741909 ], [ -5.861205451730325, 38.954867406936785 ], [ -5.861223050167397, 38.954868912447196 ], [ -5.861217666003624, 38.955039230074711 ] ] ] ] } },
{ "type": "Feature", "properties": { "codigo_provincia": "06", "codigo_municipio": "044", "nombre": "FEVAL", "tipo_lonja": "FE", "titularidad": "CO", "gestion": "PV", "superficie_cubierta": 2200.0, "superficie_aire": 117800.0, "superficie_solar": 120000.0, "estado": "B", "referencia_catastral": "NA", "acceso_silla_ruedas": "SI" }, "geometry": { "type": "MultiPolygon", "coordinates": [ [ [ [ -5.877031416199662, 38.959475222313536 ], [ -5.876874043975574, 38.959516993248158 ], [ -5.8741619362714, 38.958224352256948 ], [ -5.875210581364406, 38.95691635510665 ], [ -5.876133512311091, 38.955740104177117 ], [ -5.876815342209294, 38.956248808617005 ], [ -5.877045993626036, 38.956393468187919 ], [ -5.877180805804751, 38.956457349913997 ], [ -5.877341002217302, 38.956512677427966 ], [ -5.877535053043283, 38.956554917368734 ], [ -5.87769130799374, 38.956571287743458 ], [ -5.877927532159981, 38.956567937233935 ], [ -5.878116912272114, 38.956540381838757 ], [ -5.878339003060038, 38.956477199312609 ], [ -5.878638111666006, 38.956343457439807 ], [ -5.879205539804528, 38.95670833307792 ], [ -5.878484686210506, 38.957614401077741 ], [ -5.877031416199662, 38.959475222313536 ] ] ] ] } },
{ "type": "Feature", "properties": { "codigo_provincia": "06", "codigo_municipio": "018", "nombre": "RECINTO FERIAL", "tipo_lonja": "FE", "titularidad": "MU", "gestion": "MU", "superficie_cubierta": 0.0, "superficie_aire": 1583.0, "superficie_solar": 1583.0, "estado": "B", "referencia_catastral": "NA", "acceso_silla_ruedas": "NO" }, "geometry": { "type": "MultiPolygon", "coordinates": [ [ [ [ -5.492940549817771, 38.698344559196464 ], [ -5.492871399807773, 38.698339727045578 ], [ -5.492809108434839, 38.698332680433396 ], [ -5.492550878235255, 38.698248927664601 ], [ -5.492409418528442, 38.698211150205452 ], [ -5.492354911517577, 38.698198191474241 ], [ -5.492142994405666, 38.698149363987142 ], [ -5.492063663574553, 38.698113399530961 ], [ -5.492016941552555, 38.698093998727991 ], [ -5.492218697693476, 38.697876668731006 ], [ -5.492499669446093, 38.698028283883176 ], [ -5.49296557194932, 38.698297733840192 ], [ -5.492940549817771, 38.698344559196464 ] ] ] ] } },
{ "type": "Feature", "properties": { "codigo_provincia": "06", "codigo_municipio": "087", "nombre": "PLAZA  ABASTOS", "tipo_lonja": "ME", "titularidad": "MU", "gestion": "MU", "superficie_cubierta": 746.0, "superficie_aire": 0.0, "superficie_solar": 373.0, "estado": "B", "referencia_catastral": "NA", "acceso_silla_ruedas": "SI" }, "geometry": { "type": "MultiPolygon", "coordinates": [ [ [ [ -5.447047479909128, 38.587020164130273 ], [ -5.44705921210441, 38.586872062717667 ], [ -5.447381340134013, 38.586930677185286 ], [ -5.447362041064733, 38.587036394919579 ], [ -5.447289771343634, 38.587024525521763 ], [ -5.447235123558523, 38.587023602969801 ], [ -5.447047479909128, 38.587020164130273 ] ] ] ] } },
{ "type": "Feature", "properties": { "codigo_provincia": "06", "codigo_municipio": "093", "nombre": "RECINTO FERIAL", "tipo_lonja": "FE", "titularidad": "MU", "gestion": "MU", "superficie_cubierta": 6714.0, "superficie_aire": 5416.0, "superficie_solar": 6714.0, "estado": "R", "referencia_catastral": "NA", "acceso_silla_ruedas": "SI" }, "geometry": { "type": "MultiPolygon", "coordinates": [ [ [ [ -6.920551933153084, 38.272119443057626 ], [ -6.920371886907533, 38.272231746313672 ], [ -6.920755485762822, 38.272622475678595 ], [ -6.920898581584102, 38.272540949512205 ], [ -6.92118339990724, 38.272845341366924 ], [ -6.921103456180803, 38.272894524439131 ], [ -6.920829589331521, 38.272683943235222 ], [ -6.920521648148251, 38.272443109190014 ], [ -6.92025620802697, 38.27225201018792 ], [ -6.92003450996034, 38.272131688846123 ], [ -6.919358036774974, 38.272065924542552 ], [ -6.919384470412398, 38.271836180839053 ], [ -6.919411356909818, 38.271598945092634 ], [ -6.919436888819324, 38.271360903362556 ], [ -6.919551969240195, 38.271361704001514 ], [ -6.919676851643426, 38.271282852363967 ], [ -6.920551933153084, 38.272119443057626 ] ] ] ] } },
{ "type": "Feature", "properties": { "codigo_provincia": "06", "codigo_municipio": "093", "nombre": "MERCADO ABASTOS", "tipo_lonja": "ME", "titularidad": "MU", "gestion": "MU", "superficie_cubierta": 715.0, "superficie_aire": 0.0, "superficie_solar": 715.0, "estado": "B", "referencia_catastral": "NA", "acceso_silla_ruedas": "SI" }, "geometry": { "type": "MultiPolygon", "coordinates": [ [ [ [ -6.920639720391316, 38.274237307983249 ], [ -6.920601377448728, 38.274228637935508 ], [ -6.920579404067863, 38.274214896291106 ], [ -6.92049168821813, 38.274195210733808 ], [ -6.920465982894995, 38.274197427822585 ], [ -6.920430745373086, 38.274186940857845 ], [ -6.920608157656717, 38.273789585518962 ], [ -6.920661259117795, 38.273805905002803 ], [ -6.920668463023897, 38.273801140031466 ], [ -6.920677652882969, 38.273801284995237 ], [ -6.920684745837879, 38.27380511928758 ], [ -6.920686280497774, 38.273812306307867 ], [ -6.920738663278967, 38.273825935413022 ], [ -6.920639720391316, 38.274237307983249 ] ] ] ] } },
{ "type": "Feature", "properties": { "codigo_provincia": "06", "codigo_municipio": "095", "nombre": "RECINTO FERIAL", "tipo_lonja": "FE", "titularidad": "MU", "gestion": "MU", "superficie_cubierta": 5.0, "superficie_aire": 8531.0, "superficie_solar": 8536.0, "estado": "B", "referencia_catastral": "5433968PC6853S0001LO", "acceso_silla_ruedas": "SI" }, "geometry": { "type": "MultiPolygon", "coordinates": [ [ [ [ -7.09682895990505, 38.684434977582427 ], [ -7.096349730942876, 38.684404001068998 ], [ -7.096303027146314, 38.684385693936463 ], [ -7.096307302905821, 38.68434930620279 ], [ -7.096297676958959, 38.684348617864231 ], [ -7.096302383325512, 38.684315017940087 ], [ -7.096311812964426, 38.684315763218073 ], [ -7.096320764478892, 38.684241046710184 ], [ -7.096308442756198, 38.684239977459789 ], [ -7.096312358418044, 38.684207487653858 ], [ -7.096324020249994, 38.684208323539636 ], [ -7.09633416897758, 38.684124380466265 ], [ -7.096430107831612, 38.684131525301943 ], [ -7.096532608739349, 38.683309877432279 ], [ -7.096602571424379, 38.683202113019952 ], [ -7.097182652923985, 38.683197774588706 ], [ -7.097181530607709, 38.683325729175557 ], [ -7.097155410879364, 38.684182979837274 ], [ -7.097148872862501, 38.684453090110701 ], [ -7.096900918490072, 38.68443933117382 ], [ -7.09682895990505, 38.684434977582427 ] ] ] ] } },
{ "type": "Feature", "properties": { "codigo_provincia": "06", "codigo_municipio": "102", "nombre": "MERCADO ABASTOS", "tipo_lonja": "ME", "titularidad": "MU", "gestion": "MU", "superficie_cubierta": 250.0, "superficie_aire": 0.0, "superficie_solar": 140.0, "estado": "B", "referencia_catastral": "NA", "acceso_silla_ruedas": "SI" }, "geometry": { "type": "MultiPolygon", "coordinates": [ [ [ [ -5.257893330917433, 38.985249696856791 ], [ -5.257899775813112, 38.985388349964339 ], [ -5.257766393195503, 38.985364570461257 ], [ -5.257771060945734, 38.985326193338203 ], [ -5.25778069903001, 38.98524844743357 ], [ -5.257893330917433, 38.985249696856791 ] ] ] ] } },
{ "type": "Feature", "properties": { "codigo_provincia": "06", "codigo_municipio": "116", "nombre": "MERCADO DE ABASTOS", "tipo_lonja": "ME", "titularidad": "MU", "gestion": "MU", "superficie_cubierta": 300.0, "superficie_aire": 31.0, "superficie_solar": 331.0, "estado": "B", "referencia_catastral": "3050803PC9635S0001ZG", "acceso_silla_ruedas": "SI" }, "geometry": { "type": "MultiPolygon", "coordinates": [ [ [ [ -6.786829788023126, 38.510056203809597 ], [ -6.786843265799035, 38.509834402757548 ], [ -6.786991998690192, 38.509812395169021 ], [ -6.786969371905611, 38.510050665905027 ], [ -6.786966787487666, 38.510067646700456 ], [ -6.786829788023126, 38.510056203809597 ] ] ] ] } },
{ "type": "Feature", "properties": { "codigo_provincia": "06", "codigo_municipio": "094", "nombre": "RECINTO FERIAL", "tipo_lonja": "FE", "titularidad": "MU", "gestion": "MU", "superficie_cubierta": 0.0, "superficie_aire": 2796.0, "superficie_solar": 2796.0, "estado": "R", "referencia_catastral": "NA", "acceso_silla_ruedas": "NO" }, "geometry": { "type": "MultiPolygon", "coordinates": [ [ [ [ -6.127150895146734, 38.791483731380666 ], [ -6.127541947212947, 38.791063439261833 ], [ -6.127911043312236, 38.792212258056466 ], [ -6.127644734660769, 38.792243908217877 ], [ -6.127405591899601, 38.791398937785161 ], [ -6.127360059045913, 38.791379117275284 ], [ -6.127316044886068, 38.791382193789389 ], [ -6.127203052643185, 38.791483301943266 ], [ -6.127150895146734, 38.791483731380666 ] ] ] ] } },
{ "type": "Feature", "properties": { "codigo_provincia": "06", "codigo_municipio": "103", "nombre": "RECINTO FERIAL", "tipo_lonja": "FE", "titularidad": "MU", "gestion": "MU", "superficie_cubierta": 120.0, "superficie_aire": 8830.0, "superficie_solar": 8950.0, "estado": "B", "referencia_catastral": "NO", "acceso_silla_ruedas": "SI" }, "geometry": { "type": "MultiPolygon", "coordinates": [ [ [ [ -6.628970090602546, 38.889354260844989 ], [ -6.627448718218131, 38.889433618880616 ], [ -6.62753514616761, 38.888645126490403 ], [ -6.628919272794231, 38.888584421897932 ], [ -6.628970090602546, 38.889354260844989 ] ] ] ] } },
{ "type": "Feature", "properties": { "codigo_provincia": "06", "codigo_municipio": "158", "nombre": "PLAZA  ABASTOS", "tipo_lonja": "ME", "titularidad": "MU", "gestion": "MU", "superficie_cubierta": 750.0, "superficie_aire": 650.0, "superficie_solar": 1400.0, "estado": "R", "referencia_catastral": "NA", "acceso_silla_ruedas": "SI" }, "geometry": { "type": "MultiPolygon", "coordinates": [ [ [ [ -6.420848997035511, 38.424144954322408 ], [ -6.420766390841107, 38.42417534358723 ], [ -6.420759975176158, 38.424162476737159 ], [ -6.420714819027848, 38.424178717612371 ], [ -6.420653280143281, 38.42408392257439 ], [ -6.420287751784012, 38.424172273791235 ], [ -6.420292840159621, 38.424186982102945 ], [ -6.420176528564186, 38.424191896860016 ], [ -6.420151019934534, 38.423991583405659 ], [ -6.420294109790553, 38.42395351648382 ], [ -6.420554881911426, 38.423852720499447 ], [ -6.420560281253311, 38.423858695973202 ], [ -6.420628288073362, 38.423830461707823 ], [ -6.420848997035511, 38.424144954322408 ] ] ] ] } },
{ "type": "Feature", "properties": { "codigo_provincia": "06", "codigo_municipio": "159", "nombre": "PLAZA  ABASTOS", "tipo_lonja": "ME", "titularidad": "MU", "gestion": "MU", "superficie_cubierta": 620.0, "superficie_aire": 0.0, "superficie_solar": 620.0, "estado": "B", "referencia_catastral": "NA", "acceso_silla_ruedas": "SI" }, "geometry": { "type": "MultiPolygon", "coordinates": [ [ [ [ -6.95495918870186, 38.328050724503257 ], [ -6.954822303113006, 38.328081505242785 ], [ -6.954660177403998, 38.328117961358856 ], [ -6.954592204828841, 38.32791897592714 ], [ -6.954892911455042, 38.327853993306086 ], [ -6.95495918870186, 38.328050724503257 ] ] ] ] } },
{ "type": "Feature", "properties": { "codigo_provincia": "06", "codigo_municipio": "162", "nombre": "PLAZA  ABASTOS", "tipo_lonja": "ME", "titularidad": "MU", "gestion": "MU", "superficie_cubierta": 385.0, "superficie_aire": 0.0, "superficie_solar": 385.0, "estado": "B", "referencia_catastral": "1904102QD4010S0001UZ", "acceso_silla_ruedas": "SI" }, "geometry": { "type": "MultiPolygon", "coordinates": [ [ [ [ -6.215494371363662, 38.817845471916421 ], [ -6.21534008907541, 38.817838728725199 ], [ -6.215351340217866, 38.817700883927543 ], [ -6.215291158873531, 38.817579681113664 ], [ -6.215402929176243, 38.817584320340458 ], [ -6.215479658852923, 38.817587814255667 ], [ -6.215473330891157, 38.817676315224297 ], [ -6.215487161812612, 38.817676014464595 ], [ -6.215487664098667, 38.817719271275315 ], [ -6.215503518841555, 38.817717126824178 ], [ -6.215494371363662, 38.817845471916421 ] ] ] ] } },
{ "type": "Feature", "properties": { "codigo_provincia": "06", "codigo_municipio": "002", "nombre": "PLAZA  ABASTOS", "tipo_lonja": "ME", "titularidad": "MU", "gestion": "MU", "superficie_cubierta": 254.0, "superficie_aire": 0.0, "superficie_solar": 254.0, "estado": "B", "referencia_catastral": "NA", "acceso_silla_ruedas": "SI" }, "geometry": { "type": "MultiPolygon", "coordinates": [ [ [ [ -6.485559646140396, 38.645734507832991 ], [ -6.485442095460638, 38.645694339198997 ], [ -6.485550275571805, 38.645510145187451 ], [ -6.485662246543934, 38.64555343739066 ], [ -6.485559646140396, 38.645734507832991 ] ] ] ] } },
{ "type": "Feature", "properties": { "codigo_provincia": "06", "codigo_municipio": "004", "nombre": "MERCADO", "tipo_lonja": "ME", "titularidad": "MU", "gestion": "MU", "superficie_cubierta": 123.0, "superficie_aire": 0.0, "superficie_solar": 123.0, "estado": "M", "referencia_catastral": "NA", "acceso_silla_ruedas": "NO" }, "geometry": { "type": "MultiPolygon", "coordinates": [ [ [ [ -6.247784004805979, 38.784689003484978 ], [ -6.247887707848251, 38.78452766063355 ], [ -6.247938333751898, 38.784558134427392 ], [ -6.247860306844266, 38.784716300759349 ], [ -6.247784004805979, 38.784689003484978 ] ] ] ] } },
{ "type": "Feature", "properties": { "codigo_provincia": "06", "codigo_municipio": "153", "nombre": "RECINTO FERIAL", "tipo_lonja": "FE", "titularidad": "MU", "gestion": "MU", "superficie_cubierta": 0.0, "superficie_aire": 8900.0, "superficie_solar": 8900.0, "estado": "M", "referencia_catastral": "NA", "acceso_silla_ruedas": "SI" }, "geometry": { "type": "MultiPolygon", "coordinates": [ [ [ [ -5.726227498386347, 39.066990555246321 ], [ -5.72641216795579, 39.067144110090311 ], [ -5.725666977282414, 39.067430393444063 ], [ -5.725514452646626, 39.067482822375567 ], [ -5.725397408182831, 39.067230861458491 ], [ -5.724961046620253, 39.067372660561389 ], [ -5.724930316568403, 39.067309071095579 ], [ -5.724499336679668, 39.067440414834259 ], [ -5.724473080527284, 39.06743184183582 ], [ -5.724332947954993, 39.067166269692137 ], [ -5.725147852272527, 39.066881923577277 ], [ -5.72515542391854, 39.066799747332901 ], [ -5.725659278397723, 39.066629306461522 ], [ -5.725733925536063, 39.066600951242641 ], [ -5.72576172035971, 39.06662008908436 ], [ -5.726227498386347, 39.066990555246321 ] ] ] ] } },
{ "type": "Feature", "properties": { "codigo_provincia": "06", "codigo_municipio": "153", "nombre": "MERCADO ABASTOS", "tipo_lonja": "ME", "titularidad": "MU", "gestion": "MU", "superficie_cubierta": 168.0, "superficie_aire": 0.0, "superficie_solar": 168.0, "estado": "B", "referencia_catastral": "5443801TJ6254S", "acceso_silla_ruedas": "SI" }, "geometry": { "type": "MultiPolygon", "coordinates": [ [ [ [ -5.711834575638423, 39.034634570718389 ], [ -5.711922625753933, 39.034629278829541 ], [ -5.711940321691849, 39.034825493651589 ], [ -5.711856962788022, 39.034831701944505 ], [ -5.711834575638423, 39.034634570718389 ] ] ] ] } },
{ "type": "Feature", "properties": { "codigo_provincia": "06", "codigo_municipio": "014", "nombre": "MERCADO", "tipo_lonja": "ME", "titularidad": "MU", "gestion": "MU", "superficie_cubierta": 1742.0, "superficie_aire": 972.0, "superficie_solar": 2714.0, "estado": "M", "referencia_catastral": "NA", "acceso_silla_ruedas": "NO" }, "geometry": { "type": "MultiPolygon", "coordinates": [ [ [ [ -5.673495819927224, 38.259489601245853 ], [ -5.673413018858165, 38.259334984339489 ], [ -5.673761951312248, 38.259078085076851 ], [ -5.673925629995447, 38.259069939391132 ], [ -5.674162405095829, 38.25920726071049 ], [ -5.674026657443322, 38.259331571710817 ], [ -5.67375913178744, 38.259579449560079 ], [ -5.673749490349439, 38.259576978225418 ], [ -5.673715632804896, 38.259606955880294 ], [ -5.673581003283791, 38.259653083704464 ], [ -5.673495819927224, 38.259489601245853 ] ] ] ] } },
{ "type": "Feature", "properties": { "codigo_provincia": "06", "codigo_municipio": "014", "nombre": "RECINTO FERIAL FECSUR", "tipo_lonja": "FE", "titularidad": "MU", "gestion": "MU", "superficie_cubierta": 2000.0, "superficie_aire": 8500.0, "superficie_solar": 10500.0, "estado": "B", "referencia_catastral": "NA", "acceso_silla_ruedas": "SI" }, "geometry": { "type": "MultiPolygon", "coordinates": [ [ [ [ -5.676944368618513, 38.263724125920568 ], [ -5.676743265479349, 38.264059317743296 ], [ -5.676192055270793, 38.263859044994533 ], [ -5.675685073812348, 38.263655854773916 ], [ -5.676190795549399, 38.262822695879649 ], [ -5.677247145411102, 38.263231983467456 ], [ -5.676944368618513, 38.263724125920568 ] ] ] ] } },
{ "type": "Feature", "properties": { "codigo_provincia": "06", "codigo_municipio": "016", "nombre": "MERCADO DE ABASTOS", "tipo_lonja": "ME", "titularidad": "MU", "gestion": "MU", "superficie_cubierta": 570.0, "superficie_aire": 0.0, "superficie_solar": 570.0, "estado": "B", "referencia_catastral": "NA", "acceso_silla_ruedas": "SI" }, "geometry": { "type": "MultiPolygon", "coordinates": [ [ [ [ -6.849679213892921, 38.517028677775684 ], [ -6.849674072256798, 38.517125709562301 ], [ -6.849665517280449, 38.517124286271915 ], [ -6.849642078527821, 38.517137756625253 ], [ -6.849640190454023, 38.51714972929112 ], [ -6.84927382546253, 38.517133999350392 ], [ -6.849273699794979, 38.517123747218257 ], [ -6.849250101234482, 38.51710765085874 ], [ -6.849243725005249, 38.517107662836715 ], [ -6.849252333259064, 38.517015270958908 ], [ -6.84925317164307, 38.517007303022091 ], [ -6.849264030913328, 38.517005622149306 ], [ -6.849282911839814, 38.51699183296143 ], [ -6.849285148200303, 38.516983091045283 ], [ -6.849649340088536, 38.516997569120697 ], [ -6.84964946580775, 38.517007821249841 ], [ -6.849668213704103, 38.517027716547709 ], [ -6.849679213892921, 38.517028677775684 ] ] ] ] } },
{ "type": "Feature", "properties": { "codigo_provincia": "06", "codigo_municipio": "019", "nombre": "MERCADO DE ABASTOS", "tipo_lonja": "ME", "titularidad": "MU", "gestion": "MU", "superficie_cubierta": 365.0, "superficie_aire": 0.0, "superficie_solar": 365.0, "estado": "B", "referencia_catastral": "NA", "acceso_silla_ruedas": "SI" }, "geometry": { "type": "MultiPolygon", "coordinates": [ [ [ [ -5.830943425149273, 38.283947561199071 ], [ -5.830875219427918, 38.284055492921539 ], [ -5.83072700619937, 38.283974368384797 ], [ -5.830630510341186, 38.283918193549013 ], [ -5.830694301688017, 38.283851866519619 ], [ -5.830740851349978, 38.283841085080695 ], [ -5.830938574679383, 38.283904943859255 ], [ -5.830965754131881, 38.283913721981875 ], [ -5.830943425149273, 38.283947561199071 ] ] ] ] } },
{ "type": "Feature", "properties": { "codigo_provincia": "06", "codigo_municipio": "020", "nombre": "MERCADO", "tipo_lonja": "ME", "titularidad": "MU", "gestion": "MU", "superficie_cubierta": 354.0, "superficie_aire": 0.0, "superficie_solar": 354.0, "estado": "B", "referencia_catastral": "NA", "acceso_silla_ruedas": "NO" }, "geometry": { "type": "MultiPolygon", "coordinates": [ [ [ [ -6.210606172667183, 38.299982852456154 ], [ -6.210518367786187, 38.299880986327878 ], [ -6.210765977388893, 38.299747463919751 ], [ -6.210855562346596, 38.299849281099924 ], [ -6.210606172667183, 38.299982852456154 ] ] ] ] } },
{ "type": "Feature", "properties": { "codigo_provincia": "06", "codigo_municipio": "074", "nombre": "RECINTO FERIAL", "tipo_lonja": "FE", "titularidad": "MU", "gestion": "MU", "superficie_cubierta": 700.0, "superficie_aire": 19591.0, "superficie_solar": 20291.0, "estado": "B", "referencia_catastral": "NA", "acceso_silla_ruedas": "SI" }, "geometry": { "type": "MultiPolygon", "coordinates": [ [ [ [ -6.022351046945446, 38.240603978112652 ], [ -6.022980829441843, 38.240620964187968 ], [ -6.023022520472962, 38.240864847888972 ], [ -6.023193697961591, 38.242150770842592 ], [ -6.023121183834958, 38.242483595637566 ], [ -6.022961117781845, 38.242622655427624 ], [ -6.022695066824019, 38.24299902471973 ], [ -6.02208172220065, 38.242220022760968 ], [ -6.02198904372679, 38.242107053153873 ], [ -6.021896365546631, 38.241994083459424 ], [ -6.02141588090953, 38.241418001517637 ], [ -6.021926232503646, 38.241338090969109 ], [ -6.021924003909576, 38.241287577538913 ], [ -6.022180348439919, 38.241248796506703 ], [ -6.022189138461703, 38.241270367160489 ], [ -6.022270132762038, 38.241255824844167 ], [ -6.022260336827999, 38.241236695356918 ], [ -6.022436692661753, 38.241210014924896 ], [ -6.022372180066426, 38.241114109104977 ], [ -6.022351046945446, 38.240603978112652 ] ] ] ] } },
{ "type": "Feature", "properties": { "codigo_provincia": "06", "codigo_municipio": "077", "nombre": "MERCADO MUNICIPAL", "tipo_lonja": "ME", "titularidad": "MU", "gestion": "MU", "superficie_cubierta": 168.0, "superficie_aire": 0.0, "superficie_solar": 168.0, "estado": "R", "referencia_catastral": "NA", "acceso_silla_ruedas": "SI" }, "geometry": { "type": "MultiPolygon", "coordinates": [ [ [ [ -5.689882664997479, 38.122815054607294 ], [ -5.689940542008897, 38.122897030751091 ], [ -5.689766929842638, 38.122910016204287 ], [ -5.689720887891506, 38.122814497866514 ], [ -5.689852022620768, 38.122771433139292 ], [ -5.689882664997479, 38.122815054607294 ] ] ] ] } },
{ "type": "Feature", "properties": { "codigo_provincia": "06", "codigo_municipio": "085", "nombre": "MERCADO", "tipo_lonja": "ME", "titularidad": "MU", "gestion": "MU", "superficie_cubierta": 500.0, "superficie_aire": 0.0, "superficie_solar": 500.0, "estado": "B", "referencia_catastral": "NA", "acceso_silla_ruedas": "SI" }, "geometry": { "type": "MultiPolygon", "coordinates": [ [ [ [ -6.272481698272313, 38.087643128005702 ], [ -6.272422085386521, 38.087561761345547 ], [ -6.272643747257078, 38.087449065246439 ], [ -6.272855224804866, 38.087340476355813 ], [ -6.272935169608348, 38.087419896411056 ], [ -6.272709402299286, 38.087526439665346 ], [ -6.272481698272313, 38.087643128005702 ] ] ] ] } },
{ "type": "Feature", "properties": { "codigo_provincia": "06", "codigo_municipio": "086", "nombre": "MERCADO", "tipo_lonja": "ME", "titularidad": "MU", "gestion": "MU", "superficie_cubierta": 207.0, "superficie_aire": 0.0, "superficie_solar": 207.0, "estado": "B", "referencia_catastral": "4369327QC4246N0001WU", "acceso_silla_ruedas": "SI" }, "geometry": { "type": "MultiPolygon", "coordinates": [ [ [ [ -6.213776054908243, 38.155652045833804 ], [ -6.21371583300705, 38.155764200655398 ], [ -6.213557419026015, 38.155715768655227 ], [ -6.213618544490631, 38.155596602393793 ], [ -6.213776054908243, 38.155652045833804 ] ] ] ] } },
{ "type": "Feature", "properties": { "codigo_provincia": "06", "codigo_municipio": "155", "nombre": "RECINTO FERIAL", "tipo_lonja": "FE", "titularidad": "MU", "gestion": "MU", "superficie_cubierta": 150.0, "superficie_aire": 4490.0, "superficie_solar": 4640.0, "estado": "B", "referencia_catastral": "NA", "acceso_silla_ruedas": "SI" }, "geometry": { "type": "MultiPolygon", "coordinates": [ [ [ [ -6.849570536271976, 39.13030604699567 ], [ -6.849081772920012, 39.130127018494164 ], [ -6.848620072916083, 39.129964803180741 ], [ -6.848221939899089, 39.12995643962411 ], [ -6.848160777323609, 39.129955154664259 ], [ -6.848323167234597, 39.129848866667118 ], [ -6.848402013859762, 39.12982006731476 ], [ -6.848520484452638, 39.129785022929092 ], [ -6.848720353412619, 39.129773873818024 ], [ -6.848878649527753, 39.129799596608393 ], [ -6.849460288296839, 39.129887489739232 ], [ -6.849965279219099, 39.129960399990246 ], [ -6.850132678478108, 39.129986919252318 ], [ -6.850084271854736, 39.130037016879093 ], [ -6.850054732342041, 39.130082104449521 ], [ -6.850007433279855, 39.13013266373239 ], [ -6.849934215173445, 39.130198315781847 ], [ -6.849837829446289, 39.13025712757176 ], [ -6.849761501015962, 39.130290677168475 ], [ -6.849766675236271, 39.130303116154657 ], [ -6.849712464840921, 39.1303168918406 ], [ -6.84970848325121, 39.130307267916372 ], [ -6.849666650797711, 39.13031343345218 ], [ -6.849664812638677, 39.130313448236976 ], [ -6.849651293864789, 39.130313556970613 ], [ -6.849622450141244, 39.130313788960152 ], [ -6.849570536271976, 39.13030604699567 ] ] ] ] } },
{ "type": "Feature", "properties": { "codigo_provincia": "06", "codigo_municipio": "081", "nombre": "MERCADO DE ABASTOS", "tipo_lonja": "ME", "titularidad": "MU", "gestion": "MU", "superficie_cubierta": 355.0, "superficie_aire": 0.0, "superficie_solar": 355.0, "estado": "B", "referencia_catastral": "6069408QC2466N0001IQ", "acceso_silla_ruedas": "SI" }, "geometry": { "type": "MultiPolygon", "coordinates": [ [ [ [ -6.414580215858524, 38.340998273856655 ], [ -6.41449556735445, 38.341024575403921 ], [ -6.414479206378668, 38.341028917744509 ], [ -6.414471876893259, 38.34102961453025 ], [ -6.414435449054827, 38.340937242126536 ], [ -6.414597672529727, 38.340886504950618 ], [ -6.414782982075955, 38.34083327808635 ], [ -6.414827398031579, 38.340919313273261 ], [ -6.414580215858524, 38.340998273856655 ] ] ] ] } },
{ "type": "Feature", "properties": { "codigo_provincia": "06", "codigo_municipio": "007", "nombre": "MERCADO DE ABASTOS MUNICIPAL", "tipo_lonja": "ME", "titularidad": "MU", "gestion": "MU", "superficie_cubierta": 371.0, "superficie_aire": 0.0, "superficie_solar": 371.0, "estado": "B", "referencia_catastral": "8451202PC6685S0001EX", "acceso_silla_ruedas": "SI" }, "geometry": { "type": "MultiPolygon", "coordinates": [ [ [ [ -7.070044055146957, 38.516770285205233 ], [ -7.070046427638013, 38.516991781799938 ], [ -7.069909968248748, 38.517010241567554 ], [ -7.069899361440084, 38.516691406077712 ], [ -7.069913708932382, 38.516674704792969 ], [ -7.070044055146957, 38.516770285205233 ] ] ] ] } },
{ "type": "Feature", "properties": { "codigo_provincia": "06", "codigo_municipio": "036", "nombre": "RECINTO FERIAL", "tipo_lonja": "FE", "titularidad": "MU", "gestion": "MU", "superficie_cubierta": 700.0, "superficie_aire": 7480.0, "superficie_solar": 8180.0, "estado": "B", "referencia_catastral": "NA", "acceso_silla_ruedas": "SI" }, "geometry": { "type": "MultiPolygon", "coordinates": [ [ [ [ -5.550868554515522, 38.732160830826864 ], [ -5.550000855391261, 38.73237000829981 ], [ -5.54968140698635, 38.731403184722424 ], [ -5.550502741729144, 38.731189217329565 ], [ -5.550868554515522, 38.732160830826864 ] ] ] ] } },
{ "type": "Feature", "properties": { "codigo_provincia": "06", "codigo_municipio": "159", "nombre": "RECINTO FERIAL", "tipo_lonja": "FE", "titularidad": "MU", "gestion": "MU", "superficie_cubierta": 90.0, "superficie_aire": 11800.0, "superficie_solar": 11890.0, "estado": "B", "referencia_catastral": "NA", "acceso_silla_ruedas": "SI" }, "geometry": { "type": "MultiPolygon", "coordinates": [ [ [ [ -6.963303061622864, 38.326894376170316 ], [ -6.963164351012015, 38.327214475386029 ], [ -6.963089402235457, 38.327271978768472 ], [ -6.963023572905924, 38.327295398884687 ], [ -6.962925065846389, 38.327305023919358 ], [ -6.962801993460937, 38.327302645348588 ], [ -6.962696404907017, 38.327279701017019 ], [ -6.961720827970542, 38.326787503974067 ], [ -6.961936886364885, 38.326526194879769 ], [ -6.962011431417266, 38.326440025167742 ], [ -6.962241276483034, 38.326150093887428 ], [ -6.96228601668996, 38.326098641204361 ], [ -6.962340161486867, 38.326074336615946 ], [ -6.962413746194056, 38.326086828289306 ], [ -6.963011852902923, 38.326388692976998 ], [ -6.963092770506732, 38.326435531425901 ], [ -6.963194789430303, 38.326517336325217 ], [ -6.963268568416973, 38.326605900048364 ], [ -6.963305711778959, 38.326686351472155 ], [ -6.963321721420863, 38.326781461183941 ], [ -6.963303061622864, 38.326894376170316 ] ] ] ] } },
{ "type": "Feature", "properties": { "codigo_provincia": "06", "codigo_municipio": "085", "nombre": "RECINTO FERIAL", "tipo_lonja": "FE", "titularidad": "MU", "gestion": "MU", "superficie_cubierta": 1.0, "superficie_aire": 7839.0, "superficie_solar": 7840.0, "estado": "B", "referencia_catastral": "NA", "acceso_silla_ruedas": "SI" }, "geometry": { "type": "MultiPolygon", "coordinates": [ [ [ [ -6.276970240848575, 38.094618217802292 ], [ -6.276572594474328, 38.094151707218316 ], [ -6.277178420597901, 38.093800080948895 ], [ -6.276652062943358, 38.093273218536496 ], [ -6.276867413536044, 38.093128287061511 ], [ -6.277649549560752, 38.093819888531733 ], [ -6.27737900049618, 38.093973603916957 ], [ -6.277752275820074, 38.094382805787014 ], [ -6.276970240848575, 38.094618217802292 ] ] ] ] } },
{ "type": "Feature", "properties": { "codigo_provincia": "06", "codigo_municipio": "054", "nombre": "MERCADO ABASTOS", "tipo_lonja": "ME", "titularidad": "MU", "gestion": "MU", "superficie_cubierta": 724.0, "superficie_aire": 0.0, "superficie_solar": 724.0, "estado": "B", "referencia_catastral": "NA", "acceso_silla_ruedas": "SI" }, "geometry": { "type": "MultiPolygon", "coordinates": [ [ [ [ -6.447865063041013, 38.529236660248785 ], [ -6.4478469116745, 38.529090293139085 ], [ -6.448325951161367, 38.529059658456227 ], [ -6.448341746050874, 38.529210877712586 ], [ -6.447865063041013, 38.529236660248785 ] ] ] ] } },
{ "type": "Feature", "properties": { "codigo_provincia": "06", "codigo_municipio": "154", "nombre": "RECINTO FERIAL", "tipo_lonja": "FE", "titularidad": "MU", "gestion": "MU", "superficie_cubierta": 12282.0, "superficie_aire": 12085.0, "superficie_solar": 12282.0, "estado": "B", "referencia_catastral": "NA", "acceso_silla_ruedas": "NO" }, "geometry": { "type": "MultiPolygon", "coordinates": [ [ [ [ -7.164471635827278, 38.379125979380326 ], [ -7.164960275280539, 38.379911060358467 ], [ -7.164846651591756, 38.379956542378785 ], [ -7.164938503549772, 38.380107580938542 ], [ -7.165051090552398, 38.380276361781938 ], [ -7.165043691017148, 38.380278079247816 ], [ -7.164790750002512, 38.3803367876843 ], [ -7.164739693106535, 38.380348638080292 ], [ -7.164620889208662, 38.380371749467173 ], [ -7.164357295276897, 38.380403064628105 ], [ -7.163960384767426, 38.380400475540533 ], [ -7.163772407521215, 38.380385228900494 ], [ -7.163575706680897, 38.380356713537516 ], [ -7.163481572236644, 38.380334994083654 ], [ -7.163477987707265, 38.380322805190652 ], [ -7.163447977568127, 38.380298531681802 ], [ -7.163509615196169, 38.38005949660127 ], [ -7.163535739592906, 38.379984196593128 ], [ -7.163627531657117, 38.379803362078881 ], [ -7.163682380491252, 38.379739725418041 ], [ -7.163723094145991, 38.379688198238235 ], [ -7.16386175036229, 38.379584035312767 ], [ -7.164125938934998, 38.379378265012306 ], [ -7.164471635827278, 38.379125979380326 ] ] ] ] } },
{ "type": "Feature", "properties": { "codigo_provincia": "06", "codigo_municipio": "076", "nombre": "MERCADO DE ABASTOS", "tipo_lonja": "ME", "titularidad": "MU", "gestion": "MU", "superficie_cubierta": 373.0, "superficie_aire": 108.0, "superficie_solar": 481.0, "estado": "B", "referencia_catastral": "2203409TH5520S0001IM", "acceso_silla_ruedas": "SI" }, "geometry": { "type": "MultiPolygon", "coordinates": [ [ [ [ -5.837415740043638, 38.36554127318847 ], [ -5.837215197064566, 38.365421931775884 ], [ -5.837368371003461, 38.365263785996149 ], [ -5.837547129689562, 38.365371025671209 ], [ -5.837563976482651, 38.365384617904382 ], [ -5.837415740043638, 38.36554127318847 ] ] ] ] } },
{ "type": "Feature", "properties": { "codigo_provincia": "06", "codigo_municipio": "120", "nombre": "RECINTO FERIAL", "tipo_lonja": "FE", "titularidad": "MU", "gestion": "MU", "superficie_cubierta": 0.0, "superficie_aire": 16526.0, "superficie_solar": 16526.0, "estado": "B", "referencia_catastral": "NA", "acceso_silla_ruedas": "SI" }, "geometry": { "type": "MultiPolygon", "coordinates": [ [ [ [ -6.005910734271401, 39.009959866497226 ], [ -6.005820978008495, 39.01020636389687 ], [ -6.005722884172956, 39.010790000018773 ], [ -6.005708373097118, 39.010807814584922 ], [ -6.005650729922134, 39.010830237376602 ], [ -6.005585126812909, 39.010873077678497 ], [ -6.005524976552883, 39.010965584658685 ], [ -6.005502744437131, 39.010960432793482 ], [ -6.005371847877146, 39.011230590022578 ], [ -6.005307638061725, 39.011346436791193 ], [ -6.004596428085404, 39.012613013747654 ], [ -6.00450810898474, 39.012764949510036 ], [ -6.004431755131474, 39.012524702676231 ], [ -6.004389650546235, 39.012404859987733 ], [ -6.004442908564979, 39.012317479401581 ], [ -6.004428750323459, 39.01191031113418 ], [ -6.004012660172863, 39.011666026294336 ], [ -6.005247302728283, 39.010320664194651 ], [ -6.005408891157367, 39.010148473166147 ], [ -6.005910734271401, 39.009959866497226 ] ] ] ] } },
{ "type": "Feature", "properties": { "codigo_provincia": "06", "codigo_municipio": "150", "nombre": "RECINTO FERIAL", "tipo_lonja": "FE", "titularidad": "MU", "gestion": "MU", "superficie_cubierta": 75.0, "superficie_aire": 4919.0, "superficie_solar": 4994.0, "estado": "B", "referencia_catastral": "5523706QC5452S0001OL", "acceso_silla_ruedas": "SI" }, "geometry": { "type": "MultiPolygon", "coordinates": [ [ [ [ -6.081528998370733, 38.290556290226732 ], [ -6.081660574097164, 38.290691936143247 ], [ -6.08171376896655, 38.290869051617143 ], [ -6.08172277055993, 38.290995653911729 ], [ -6.081196766165074, 38.291225052619076 ], [ -6.080978826896628, 38.291334189163116 ], [ -6.080868340118409, 38.291392891770734 ], [ -6.080494245555354, 38.291066575143148 ], [ -6.081354110655155, 38.29064440898857 ], [ -6.081405594858899, 38.290472887403155 ], [ -6.081528998370733, 38.290556290226732 ] ] ] ] } },
{ "type": "Feature", "properties": { "codigo_provincia": "06", "codigo_municipio": "154", "nombre": "MERCADO", "tipo_lonja": "ME", "titularidad": "MU", "gestion": "MU", "superficie_cubierta": 653.0, "superficie_aire": 0.0, "superficie_solar": 653.0, "estado": "B", "referencia_catastral": "9091144PC5499S0001JE", "acceso_silla_ruedas": "SI" }, "geometry": { "type": "MultiPolygon", "coordinates": [ [ [ [ -7.169843492073108, 38.374545165799276 ], [ -7.170109016729515, 38.374459190433186 ], [ -7.170229292024827, 38.374640095675225 ], [ -7.170010183799596, 38.374749368485823 ], [ -7.169927887083987, 38.374726795127096 ], [ -7.169843492073108, 38.374545165799276 ] ] ] ] } },
{ "type": "Feature", "properties": { "codigo_provincia": "06", "codigo_municipio": "011", "nombre": "PALACIO DEL VINO Y ACEITUNA", "tipo_lonja": "FE", "titularidad": "MU", "gestion": "MU", "superficie_cubierta": 6100.0, "superficie_aire": 12171.0, "superficie_solar": 15671.0, "estado": "B", "referencia_catastral": "NA", "acceso_silla_ruedas": "SI" }, "geometry": { "type": "MultiPolygon", "coordinates": [ [ [ [ -6.395775094567284, 38.677616402371662 ], [ -6.394865960760994, 38.677018980530754 ], [ -6.396066664734208, 38.675945941782324 ], [ -6.396891752671286, 38.676436268624172 ], [ -6.395775094567284, 38.677616402371662 ] ] ] ] } },
{ "type": "Feature", "properties": { "codigo_provincia": "06", "codigo_municipio": "039", "nombre": "RECINTO FERIAL", "tipo_lonja": "FE", "titularidad": "MU", "gestion": "MU", "superficie_cubierta": 0.0, "superficie_aire": 2185.0, "superficie_solar": 2185.0, "estado": "B", "referencia_catastral": "NA", "acceso_silla_ruedas": "SI" }, "geometry": { "type": "MultiPolygon", "coordinates": [ [ [ [ -5.667488717828079, 38.918430829786331 ], [ -5.667218780528097, 38.918235209383667 ], [ -5.667221013411879, 38.918209876985614 ], [ -5.667265340775825, 38.918213965805663 ], [ -5.667299096091582, 38.91821470694024 ], [ -5.667475983350317, 38.918205786898568 ], [ -5.667536984479041, 38.918190746217292 ], [ -5.667649321674435, 38.918115412672321 ], [ -5.667702720140372, 38.918052622255566 ], [ -5.667744944537466, 38.91800077115721 ], [ -5.667770639496863, 38.917918157547483 ], [ -5.667781271342837, 38.917749893264933 ], [ -5.667826577583088, 38.917648309199194 ], [ -5.668180845030209, 38.917829807786283 ], [ -5.667506426940082, 38.918443877678648 ], [ -5.667488717828079, 38.918430829786331 ] ] ] ] } },
{ "type": "Feature", "properties": { "codigo_provincia": "06", "codigo_municipio": "036", "nombre": "SALÓN OVINO", "tipo_lonja": "FE", "titularidad": "MU", "gestion": "MU", "superficie_cubierta": 5672.0, "superficie_aire": 5899.0, "superficie_solar": 11571.0, "estado": "B", "referencia_catastral": "8403001TH7980S0001TX", "acceso_silla_ruedas": "SI" }, "geometry": { "type": "MultiPolygon", "coordinates": [ [ [ [ -5.551479555139698, 38.733351787258378 ], [ -5.551029583082514, 38.733458367218134 ], [ -5.550353318672521, 38.733606654241434 ], [ -5.550272682093619, 38.733244860553178 ], [ -5.550181453685501, 38.732913158437867 ], [ -5.550121742840733, 38.732703286783824 ], [ -5.550073826575065, 38.732553992209802 ], [ -5.550566725281588, 38.732433549387437 ], [ -5.551086411419234, 38.732307479928558 ], [ -5.551479555139698, 38.733351787258378 ] ] ] ] } },
{ "type": "Feature", "properties": { "codigo_provincia": "06", "codigo_municipio": "048", "nombre": "MERCADO", "tipo_lonja": "ME", "titularidad": "MU", "gestion": "MU", "superficie_cubierta": 219.0, "superficie_aire": 0.0, "superficie_solar": 219.0, "estado": "B", "referencia_catastral": "NA", "acceso_silla_ruedas": "SI" }, "geometry": { "type": "MultiPolygon", "coordinates": [ [ [ [ -5.2708218386402, 38.975475551043978 ], [ -5.270840261037005, 38.975515337983083 ], [ -5.270810369084936, 38.975516951040213 ], [ -5.270772419725146, 38.975519225012796 ], [ -5.270748850862271, 38.975520195581403 ], [ -5.270713162599084, 38.975511167856517 ], [ -5.270655001794346, 38.975516905543202 ], [ -5.270647526775345, 38.975543317402654 ], [ -5.270592981936532, 38.975534243235629 ], [ -5.270556053649667, 38.975568908368508 ], [ -5.270471398109664, 38.975542421821459 ], [ -5.270495532726883, 38.975507816312046 ], [ -5.270516618831379, 38.975477581893308 ], [ -5.270538283382042, 38.975446518036804 ], [ -5.270666978821969, 38.97546089579842 ], [ -5.2708218386402, 38.975475551043978 ] ] ] ] } },
{ "type": "Feature", "properties": { "codigo_provincia": "06", "codigo_municipio": "050", "nombre": "EXTENSION AGRARIA", "tipo_lonja": "FE", "titularidad": "CP", "gestion": "CP", "superficie_cubierta": 363.0, "superficie_aire": 0.0, "superficie_solar": 363.0, "estado": "B", "referencia_catastral": "NA", "acceso_silla_ruedas": "NO" }, "geometry": { "type": "MultiPolygon", "coordinates": [ [ [ [ -6.655584555526169, 38.168749037295761 ], [ -6.655267147581048, 38.168733864561602 ], [ -6.655266952925905, 38.16863293928462 ], [ -6.655580802308918, 38.168613802962206 ], [ -6.655584555526169, 38.168749037295761 ] ] ] ] } },
{ "type": "Feature", "properties": { "codigo_provincia": "06", "codigo_municipio": "052", "nombre": "PLAZA  ABASTOS", "tipo_lonja": "LO", "titularidad": "MU", "gestion": "MU", "superficie_cubierta": 714.0, "superficie_aire": 0.0, "superficie_solar": 714.0, "estado": "B", "referencia_catastral": "NA", "acceso_silla_ruedas": "SI" }, "geometry": { "type": "MultiPolygon", "coordinates": [ [ [ [ -6.309582822750423, 38.246695475440063 ], [ -6.309707442964411, 38.246450082839154 ], [ -6.309861568056337, 38.246559401314926 ], [ -6.31000529460914, 38.246698091014409 ], [ -6.310005101333308, 38.246698148753957 ], [ -6.309891686219623, 38.246732030510117 ], [ -6.309664968920636, 38.246794185295265 ], [ -6.309582822750423, 38.246695475440063 ] ] ] ] } },
{ "type": "Feature", "properties": { "codigo_provincia": "06", "codigo_municipio": "053", "nombre": "MERCADO MUNICIPAL", "tipo_lonja": "ME", "titularidad": "MU", "gestion": "MU", "superficie_cubierta": 140.0, "superficie_aire": 0.0, "superficie_solar": 140.0, "estado": "B", "referencia_catastral": "NA", "acceso_silla_ruedas": "SI" }, "geometry": { "type": "MultiPolygon", "coordinates": [ [ [ [ -5.896261253864536, 38.151516982097348 ], [ -5.896179510707346, 38.151452776222385 ], [ -5.896289763745584, 38.151393644265362 ], [ -5.896310805517986, 38.151415199319203 ], [ -5.896337156321484, 38.151433557521486 ], [ -5.896300526362824, 38.151469412081056 ], [ -5.896261253864536, 38.151516982097348 ] ] ] ] } },
{ "type": "Feature", "properties": { "codigo_provincia": "06", "codigo_municipio": "055", "nombre": "PLAZA  ABASTOS", "tipo_lonja": "ME", "titularidad": "MU", "gestion": "MU", "superficie_cubierta": 368.0, "superficie_aire": 0.0, "superficie_solar": 368.0, "estado": "B", "referencia_catastral": "NA", "acceso_silla_ruedas": "SI" }, "geometry": { "type": "MultiPolygon", "coordinates": [ [ [ [ -6.536969153016419, 38.06852309408093 ], [ -6.537099055532603, 38.068323709116846 ], [ -6.537116186598873, 38.068330894261784 ], [ -6.537130808217857, 38.06830985186847 ], [ -6.537146917130354, 38.068319667602132 ], [ -6.537137797358317, 38.068346724853292 ], [ -6.537131973846589, 38.06838810417937 ], [ -6.537138764690902, 38.068420862746358 ], [ -6.537145456388449, 38.068451564103903 ], [ -6.537159954683284, 38.068482030304196 ], [ -6.537119707678942, 38.068512085386587 ], [ -6.537184044379785, 38.06854929109479 ], [ -6.537171628313896, 38.068562026275963 ], [ -6.537201244068997, 38.068581736109721 ], [ -6.537184020221749, 38.068602856899183 ], [ -6.537219435340511, 38.068634753204051 ], [ -6.537181988798006, 38.068668844339619 ], [ -6.536969153016419, 38.06852309408093 ] ] ] ] } },
{ "type": "Feature", "properties": { "codigo_provincia": "06", "codigo_municipio": "059", "nombre": "MERCADO MUNICIPAL", "tipo_lonja": "ME", "titularidad": "MU", "gestion": "MU", "superficie_cubierta": 1277.0, "superficie_aire": 0.0, "superficie_solar": 1164.0, "estado": "B", "referencia_catastral": "3034828TH7433S0001RT", "acceso_silla_ruedas": "SI" }, "geometry": { "type": "MultiPolygon", "coordinates": [ [ [ [ -5.596758367738028, 38.308743850885371 ], [ -5.597037503112289, 38.309074755320943 ], [ -5.596948341332851, 38.309092350419867 ], [ -5.596904043256221, 38.309043716074299 ], [ -5.596669708137445, 38.309151354520324 ], [ -5.596611380077915, 38.309085343763066 ], [ -5.596576448104019, 38.309045919619024 ], [ -5.596451693270629, 38.308891164540981 ], [ -5.596758367738028, 38.308743850885371 ] ] ] ] } },
{ "type": "Feature", "properties": { "codigo_provincia": "06", "codigo_municipio": "060", "nombre": "MERCADO ABASTOS", "tipo_lonja": "ME", "titularidad": "MU", "gestion": "MU", "superficie_cubierta": 584.0, "superficie_aire": 0.0, "superficie_solar": 584.0, "estado": "B", "referencia_catastral": "1754502QD5015S0001UE", "acceso_silla_ruedas": "SI" }, "geometry": { "type": "MultiPolygon", "coordinates": [ [ [ [ -6.100470565692262, 38.85962327054969 ], [ -6.100457910059387, 38.859576817713382 ], [ -6.10044706669273, 38.859578919370477 ], [ -6.100416380194799, 38.859475171695784 ], [ -6.100427069618961, 38.859471053339654 ], [ -6.100417461887105, 38.859425348553572 ], [ -6.100652199744372, 38.859370612020498 ], [ -6.100664995330781, 38.859428667719072 ], [ -6.10073260932074, 38.859419927732006 ], [ -6.100749894107585, 38.859489781617455 ], [ -6.100721736412089, 38.859492239781183 ], [ -6.100760827260891, 38.859571307260936 ], [ -6.1007555406972, 38.859571655007898 ], [ -6.100470565692262, 38.85962327054969 ] ] ] ] } },
{ "type": "Feature", "properties": { "codigo_provincia": "06", "codigo_municipio": "066", "nombre": "RECINTO FERIAL", "tipo_lonja": "FE", "titularidad": "MU", "gestion": "MU", "superficie_cubierta": 100.0, "superficie_aire": 5446.0, "superficie_solar": 5546.0, "estado": "B", "referencia_catastral": "NA", "acceso_silla_ruedas": "NO" }, "geometry": { "type": "MultiPolygon", "coordinates": [ [ [ [ -6.976240052894665, 38.446663048026195 ], [ -6.976310922749564, 38.44667631338114 ], [ -6.976512835207821, 38.446725083160722 ], [ -6.976624840600594, 38.446750856141392 ], [ -6.976637755202854, 38.446752059415601 ], [ -6.976674341272073, 38.446761034044449 ], [ -6.97675835222326, 38.446779182492065 ], [ -6.976830403171786, 38.446776733134257 ], [ -6.976907540284858, 38.446761919673875 ], [ -6.977006539544412, 38.446711138357145 ], [ -6.977122289826826, 38.446610696826447 ], [ -6.977139037670603, 38.44671312389498 ], [ -6.97717251790769, 38.446709085468562 ], [ -6.97722099343443, 38.446942736042423 ], [ -6.97713092529718, 38.446952549855254 ], [ -6.977160591093394, 38.44706500026296 ], [ -6.977139538761477, 38.447065985413644 ], [ -6.977122809512114, 38.447080480364946 ], [ -6.977149235590172, 38.447192792648138 ], [ -6.976899288424148, 38.447236381020581 ], [ -6.97651662876526, 38.44730475299346 ], [ -6.976413958512462, 38.44732310896805 ], [ -6.97629119143653, 38.447336082180819 ], [ -6.976230687641557, 38.447428775912755 ], [ -6.976135810233403, 38.447410346557085 ], [ -6.976086956138408, 38.447402179961863 ], [ -6.976169513628204, 38.446988219979687 ], [ -6.976226670340506, 38.446705897791311 ], [ -6.976240052894665, 38.446663048026195 ] ] ] ] } },
{ "type": "Feature", "properties": { "codigo_provincia": "06", "codigo_municipio": "070", "nombre": "PLAZA  ABASTOS", "tipo_lonja": "ME", "titularidad": "MU", "gestion": "MU", "superficie_cubierta": 1453.0, "superficie_aire": 0.0, "superficie_solar": 1453.0, "estado": "R", "referencia_catastral": "5239201PC9453N0001PJ", "acceso_silla_ruedas": "NO" }, "geometry": { "type": "MultiPolygon", "coordinates": [ [ [ [ -6.768568923822289, 38.32079143306396 ], [ -6.768478254221572, 38.320768618184445 ], [ -6.768474462329518, 38.320778278698988 ], [ -6.768307167643534, 38.320739220656442 ], [ -6.768306233282842, 38.320728628290077 ], [ -6.768215305153688, 38.320707989363569 ], [ -6.76822152816829, 38.320702759751349 ], [ -6.768204466304393, 38.320673544212703 ], [ -6.768193596401529, 38.320669818391053 ], [ -6.768296455605216, 38.320404395153098 ], [ -6.768304605312244, 38.320410853254558 ], [ -6.768343771331827, 38.320393507715501 ], [ -6.768340476735233, 38.320385159131398 ], [ -6.768433102510928, 38.320409623783917 ], [ -6.768439975484349, 38.320393577391776 ], [ -6.768601047317178, 38.320430450864457 ], [ -6.768597134533977, 38.320445209702591 ], [ -6.768694920595008, 38.320468890267101 ], [ -6.768692551052029, 38.320477323546129 ], [ -6.768711006170829, 38.320504217944624 ], [ -6.768719538672589, 38.320505851088477 ], [ -6.768612111777744, 38.320774434945541 ], [ -6.768607264297442, 38.320770634610447 ], [ -6.768567590125412, 38.32078561196397 ], [ -6.768568923822289, 38.32079143306396 ] ] ] ] } },
{ "type": "Feature", "properties": { "codigo_provincia": "06", "codigo_municipio": "074", "nombre": "PLAZA  ABASTOS", "tipo_lonja": "ME", "titularidad": "MU", "gestion": "MU", "superficie_cubierta": 11383.0, "superficie_aire": 0.0, "superficie_solar": 11383.0, "estado": "B", "referencia_catastral": "NA", "acceso_silla_ruedas": "SI" }, "geometry": { "type": "MultiPolygon", "coordinates": [ [ [ [ -6.014395133179549, 38.235640806759527 ], [ -6.014171627778299, 38.235479847052808 ], [ -6.014245620297248, 38.235418315671936 ], [ -6.014187091377933, 38.235373107092244 ], [ -6.014296990610042, 38.235278569470765 ], [ -6.014357526046314, 38.235325255781135 ], [ -6.014473077999853, 38.235229163387309 ], [ -6.014704408237773, 38.235394515395591 ], [ -6.014395133179549, 38.235640806759527 ] ] ] ] } },
{ "type": "Feature", "properties": { "codigo_provincia": "06", "codigo_municipio": "006", "nombre": "FERIA DEL GANADO", "tipo_lonja": "FE", "titularidad": "MU", "gestion": "MU", "superficie_cubierta": 2938.0, "superficie_aire": 100.0, "superficie_solar": 3038.0, "estado": "B", "referencia_catastral": "NA", "acceso_silla_ruedas": "SI" }, "geometry": { "type": "MultiPolygon", "coordinates": [ [ [ [ -7.016384340936153, 39.227700118147638 ], [ -7.016261176723385, 39.227700732132149 ], [ -7.016022164637094, 39.227596960056658 ], [ -7.015999569013171, 39.227579418099772 ], [ -7.015947804143102, 39.227532346340176 ], [ -7.015869699269897, 39.227470915582778 ], [ -7.015542435733707, 39.227205855438946 ], [ -7.01557070806736, 39.227187261019189 ], [ -7.015383705272097, 39.227038801538392 ], [ -7.015370821482673, 39.226985043037359 ], [ -7.015373286566525, 39.226907851755293 ], [ -7.015464786724885, 39.226842854832434 ], [ -7.01548266009958, 39.226829259429266 ], [ -7.015505147915437, 39.226812302975773 ], [ -7.015703846025724, 39.226976907237884 ], [ -7.015954379382561, 39.227182984033782 ], [ -7.016191620939118, 39.227374043421896 ], [ -7.016291459576995, 39.227467319741493 ], [ -7.01637943807224, 39.227570677852704 ], [ -7.016454454129962, 39.227664811130538 ], [ -7.016384340936153, 39.227700118147638 ] ] ] ] } },
{ "type": "Feature", "properties": { "codigo_provincia": "06", "codigo_municipio": "123", "nombre": "MERCADO MUNICIPAL", "tipo_lonja": "ME", "titularidad": "MU", "gestion": "MU", "superficie_cubierta": 700.0, "superficie_aire": 18.0, "superficie_solar": 718.0, "estado": "B", "referencia_catastral": "NA", "acceso_silla_ruedas": "SI" }, "geometry": { "type": "MultiPolygon", "coordinates": [ [ [ [ -7.139292519063375, 39.360559008072734 ], [ -7.13913425940316, 39.360716788465922 ], [ -7.139162021392806, 39.360734398025258 ], [ -7.139117541128443, 39.360776269734878 ], [ -7.139092309531565, 39.360758611150288 ], [ -7.139025977333761, 39.360815981600581 ], [ -7.139044259094105, 39.360832596430036 ], [ -7.139017558480664, 39.360855943046026 ], [ -7.138872717131895, 39.360982589786808 ], [ -7.138796861683277, 39.360933618407913 ], [ -7.139010397044785, 39.360731380301843 ], [ -7.139074304230907, 39.360665450667717 ], [ -7.139167773890291, 39.360512781304685 ], [ -7.139243692840321, 39.360383174264307 ], [ -7.139370941817218, 39.360431295283313 ], [ -7.139292519063375, 39.360559008072734 ] ] ] ] } },
{ "type": "Feature", "properties": { "codigo_provincia": "06", "codigo_municipio": "123", "nombre": "LONJA DEL CORCHO", "tipo_lonja": "LO", "titularidad": "CA", "gestion": "OT", "superficie_cubierta": 632.0, "superficie_aire": 7368.0, "superficie_solar": 8000.0, "estado": "B", "referencia_catastral": "1382701PD6518S0001KO", "acceso_silla_ruedas": "SI" }, "geometry": { "type": "MultiPolygon", "coordinates": [ [ [ [ -7.130443233537075, 39.356736534474507 ], [ -7.130295767864268, 39.356649763889642 ], [ -7.130387012973742, 39.356550809868835 ], [ -7.13039316977521, 39.356544117834353 ], [ -7.13035304023035, 39.356520113717835 ], [ -7.130420792210415, 39.35644696274835 ], [ -7.130459705819866, 39.356470547689113 ], [ -7.130509563173784, 39.35641728227926 ], [ -7.130555267626259, 39.356358390586863 ], [ -7.130602232051311, 39.356382717179017 ], [ -7.13058270913919, 39.356405142582339 ], [ -7.130687422618719, 39.356463840686686 ], [ -7.130619076568334, 39.356537012924491 ], [ -7.130443233537075, 39.356736534474507 ] ] ] ] } },
{ "type": "Feature", "properties": { "codigo_provincia": "06", "codigo_municipio": "124", "nombre": "PLAZA  ABASTOS", "tipo_lonja": "ME", "titularidad": "MU", "gestion": "MU", "superficie_cubierta": 252.0, "superficie_aire": 0.0, "superficie_solar": 252.0, "estado": "B", "referencia_catastral": "NA", "acceso_silla_ruedas": "SI" }, "geometry": { "type": "MultiPolygon", "coordinates": [ [ [ [ -6.53124468909794, 38.121456047382637 ], [ -6.531371139190122, 38.121522831603457 ], [ -6.531208084101522, 38.121664780417348 ], [ -6.531115342450716, 38.121558783850489 ], [ -6.53124468909794, 38.121456047382637 ] ] ] ] } },
{ "type": "Feature", "properties": { "codigo_provincia": "06", "codigo_municipio": "125", "nombre": "MERCADO ABASTOS", "tipo_lonja": "ME", "titularidad": "MU", "gestion": "MU", "superficie_cubierta": 307.0, "superficie_aire": 190.0, "superficie_solar": 497.0, "estado": "B", "referencia_catastral": "NA", "acceso_silla_ruedas": "NO" }, "geometry": { "type": "MultiPolygon", "coordinates": [ [ [ [ -5.050430839934696, 38.976486269966998 ], [ -5.050496588825605, 38.976331667481134 ], [ -5.050430357382763, 38.976307257276822 ], [ -5.050433054871327, 38.976292595886207 ], [ -5.050403110601673, 38.976282161769589 ], [ -5.050420454061846, 38.976234361491152 ], [ -5.050393663691663, 38.976225089763169 ], [ -5.050407677743932, 38.976170041023352 ], [ -5.050651172592539, 38.97622787000391 ], [ -5.050586652961955, 38.976425075053051 ], [ -5.05054448519564, 38.97653176763977 ], [ -5.050430839934696, 38.976486269966998 ] ] ] ] } },
{ "type": "Feature", "properties": { "codigo_provincia": "06", "codigo_municipio": "126", "nombre": "MERCADO", "tipo_lonja": "ME", "titularidad": "MU", "gestion": "MU", "superficie_cubierta": 215.0, "superficie_aire": 0.0, "superficie_solar": 215.0, "estado": "B", "referencia_catastral": "4293015QC1849S0001GF", "acceso_silla_ruedas": "SI" }, "geometry": { "type": "MultiPolygon", "coordinates": [ [ [ [ -6.537849891843803, 38.723393977574773 ], [ -6.537924557388573, 38.723480174891058 ], [ -6.537889804892429, 38.723492112453748 ], [ -6.537829463499896, 38.723514837426272 ], [ -6.537713862174892, 38.723558555224848 ], [ -6.537697122811023, 38.723533107116786 ], [ -6.537682312653116, 38.723506670859948 ], [ -6.537669554046695, 38.723483943682162 ], [ -6.537661094870743, 38.723470392759715 ], [ -6.537849891843803, 38.723393977574773 ] ] ] ] } },
{ "type": "Feature", "properties": { "codigo_provincia": "06", "codigo_municipio": "127", "nombre": "MERCADO DE ABASTOS", "tipo_lonja": "ME", "titularidad": "MU", "gestion": "MU", "superficie_cubierta": 629.0, "superficie_aire": 0.0, "superficie_solar": 629.0, "estado": "R", "referencia_catastral": "6836918UJ0263N0001XR", "acceso_silla_ruedas": "SI" }, "geometry": { "type": "MultiPolygon", "coordinates": [ [ [ [ -5.233446631629682, 39.038757980410288 ], [ -5.233410013782943, 39.038737775591876 ], [ -5.233366449286911, 39.038718059040846 ], [ -5.233275978005358, 39.038683028481472 ], [ -5.233193650194311, 39.038651419276825 ], [ -5.233293646420998, 39.038489966278732 ], [ -5.233309432032443, 39.038454041962915 ], [ -5.233337909758419, 39.038471967064055 ], [ -5.233339894768118, 39.038468884429413 ], [ -5.233348260600425, 39.038474204466056 ], [ -5.233399470694941, 39.038499102625856 ], [ -5.233408779474155, 39.038486847349112 ], [ -5.233595681703391, 39.038576736205044 ], [ -5.233446631629682, 39.038757980410288 ] ] ] ] } },
{ "type": "Feature", "properties": { "codigo_provincia": "06", "codigo_municipio": "127", "nombre": "RECINTO FERIAL", "tipo_lonja": "FE", "titularidad": "MU", "gestion": "MU", "superficie_cubierta": 3300.0, "superficie_aire": 13015.0, "superficie_solar": 16315.0, "estado": "R", "referencia_catastral": "NA", "acceso_silla_ruedas": "SI" }, "geometry": { "type": "MultiPolygon", "coordinates": [ [ [ [ -5.232654481376003, 39.031321978029624 ], [ -5.231087350040848, 39.031018553671359 ], [ -5.231681068676262, 39.030719470783794 ], [ -5.231939672593815, 39.030563809294911 ], [ -5.232864328242605, 39.030733370639169 ], [ -5.23277873844701, 39.030990767432932 ], [ -5.232654481376003, 39.031321978029624 ] ] ], [ [ [ -5.232789364145434, 39.03137305179488 ], [ -5.233051959854624, 39.030647316853852 ], [ -5.233128362246645, 39.03062749628431 ], [ -5.233347402655157, 39.030584917408341 ], [ -5.233623704984952, 39.030526221583798 ], [ -5.233917165972577, 39.030468865183082 ], [ -5.233974743701317, 39.030477285097774 ], [ -5.234352347686748, 39.0305424561599 ], [ -5.234396283744109, 39.030619363550763 ], [ -5.234369287491112, 39.030628114654554 ], [ -5.234389744619869, 39.030665561130824 ], [ -5.23445101049029, 39.030777707142754 ], [ -5.234207567244372, 39.030873299063508 ], [ -5.233932485987101, 39.030989249129973 ], [ -5.233499351394385, 39.031163596771471 ], [ -5.23347834302832, 39.031209892268997 ], [ -5.233459111216791, 39.031248298819136 ], [ -5.233447299369135, 39.031277240478396 ], [ -5.233372013106683, 39.031494575495145 ], [ -5.232789364145434, 39.03137305179488 ] ] ] ] } },
{ "type": "Feature", "properties": { "codigo_provincia": "06", "codigo_municipio": "136", "nombre": "MERCADO DE ABASTOS  MUNICIPAL", "tipo_lonja": "ME", "titularidad": "MU", "gestion": "MU", "superficie_cubierta": 720.0, "superficie_aire": 0.0, "superficie_solar": 720.0, "estado": "B", "referencia_catastral": "NA", "acceso_silla_ruedas": "SI" }, "geometry": { "type": "MultiPolygon", "coordinates": [ [ [ [ -6.166921666771317, 38.356030666675068 ], [ -6.167081407260006, 38.356001740575884 ], [ -6.16724349488431, 38.355969819717558 ], [ -6.167400634652759, 38.355939682354801 ], [ -6.167381453403372, 38.356045307852376 ], [ -6.167354179159313, 38.356176643260703 ], [ -6.167346093016704, 38.356175595616484 ], [ -6.167092185052787, 38.35614104621704 ], [ -6.16690674445327, 38.356112285939126 ], [ -6.166921666771317, 38.356030666675068 ] ] ] ] } },
{ "type": "Feature", "properties": { "codigo_provincia": "06", "codigo_municipio": "141", "nombre": "MERCADO", "tipo_lonja": "ME", "titularidad": "MU", "gestion": "MU", "superficie_cubierta": 634.0, "superficie_aire": 0.0, "superficie_solar": 634.0, "estado": "R", "referencia_catastral": "NA", "acceso_silla_ruedas": "NO" }, "geometry": { "type": "MultiPolygon", "coordinates": [ [ [ [ -6.472027825305761, 38.267203212799423 ], [ -6.47188021961478, 38.267246673064683 ], [ -6.471757050257116, 38.267096178547249 ], [ -6.471837238128125, 38.266972850063183 ], [ -6.471892186450759, 38.266928446418774 ], [ -6.472016990595191, 38.26693655052226 ], [ -6.472048555871023, 38.267108195929822 ], [ -6.472027825305761, 38.267203212799423 ] ] ] ] } },
{ "type": "Feature", "properties": { "codigo_provincia": "06", "codigo_municipio": "146", "nombre": "MERCADO ABASTOS", "tipo_lonja": "ME", "titularidad": "MU", "gestion": "MU", "superficie_cubierta": 392.0, "superficie_aire": 0.0, "superficie_solar": 392.0, "estado": "B", "referencia_catastral": "NA", "acceso_silla_ruedas": "SI" }, "geometry": { "type": "MultiPolygon", "coordinates": [ [ [ [ -5.795765829579953, 38.70304760374237 ], [ -5.795597597199161, 38.703195223577112 ], [ -5.795397028811733, 38.703060208805717 ], [ -5.795455057181509, 38.703023036618575 ], [ -5.795520258681623, 38.703000045015258 ], [ -5.795611133694332, 38.702992513160602 ], [ -5.795675378745388, 38.703003478230059 ], [ -5.795765829579953, 38.70304760374237 ] ] ] ] } },
{ "type": "Feature", "properties": { "codigo_provincia": "06", "codigo_municipio": "149", "nombre": "MERCADO ABASTOS", "tipo_lonja": "ME", "titularidad": "MU", "gestion": "MU", "superficie_cubierta": 2465.0, "superficie_aire": 600.0, "superficie_solar": 1958.0, "estado": "B", "referencia_catastral": "1913601QC3711S0001WM", "acceso_silla_ruedas": "SI" }, "geometry": { "type": "MultiPolygon", "coordinates": [ [ [ [ -6.339107893169572, 38.559366189375574 ], [ -6.339173309119628, 38.559326066508021 ], [ -6.339447243746286, 38.559112512607676 ], [ -6.339826220518542, 38.559307642496265 ], [ -6.339633856262092, 38.559625708791614 ], [ -6.339627972855917, 38.559626349447555 ], [ -6.339547431714318, 38.559635766862037 ], [ -6.339210954277928, 38.55942941392918 ], [ -6.339107893169572, 38.559366189375574 ] ] ] ] } },
{ "type": "Feature", "properties": { "codigo_provincia": "06", "codigo_municipio": "149", "nombre": "RECINTO FERIAL", "tipo_lonja": "FE", "titularidad": "MU", "gestion": "MU", "superficie_cubierta": 4000.0, "superficie_aire": 24804.0, "superficie_solar": 28804.0, "estado": "B", "referencia_catastral": "1922707QC3712S0001ZJ", "acceso_silla_ruedas": "SI" }, "geometry": { "type": "MultiPolygon", "coordinates": [ [ [ [ -6.347673326564653, 38.569291143487362 ], [ -6.347501255752737, 38.568824854180704 ], [ -6.347392607029104, 38.568618561874736 ], [ -6.347283300478741, 38.568463741521398 ], [ -6.347023757994039, 38.568158861816279 ], [ -6.346604320202919, 38.56765992441931 ], [ -6.346318335873438, 38.567334983588175 ], [ -6.346162211802646, 38.567063208262674 ], [ -6.345917406495944, 38.566483159446967 ], [ -6.345917364536428, 38.566292524837486 ], [ -6.346479266026767, 38.566279031248229 ], [ -6.346562460072674, 38.566267673597501 ], [ -6.346659129150019, 38.566239225289188 ], [ -6.34680588886997, 38.566196757541434 ], [ -6.347252742456634, 38.566656573290466 ], [ -6.346893928207995, 38.566839165716942 ], [ -6.346999845738836, 38.56694687259219 ], [ -6.347303979657359, 38.56726775916357 ], [ -6.347607722646116, 38.567570657268668 ], [ -6.347975436467571, 38.56796679837187 ], [ -6.348370456275144, 38.568657652106182 ], [ -6.348546407691076, 38.568992551781378 ], [ -6.347673326564653, 38.569291143487362 ] ] ] ] } },
{ "type": "Feature", "properties": { "codigo_provincia": "06", "codigo_municipio": "152", "nombre": "MERCADO Nª Sª MONTEVIRGEN", "tipo_lonja": "ME", "titularidad": "MU", "gestion": "MU", "superficie_cubierta": 153.0, "superficie_aire": 0.0, "superficie_solar": 153.0, "estado": "B", "referencia_catastral": "7070312QC1777S0001HP", "acceso_silla_ruedas": "SI" }, "geometry": { "type": "MultiPolygon", "coordinates": [ [ [ [ -6.50879972134075, 38.612766636221089 ], [ -6.508734746257002, 38.612817809397683 ], [ -6.508578072757825, 38.612695819334348 ], [ -6.508644831604009, 38.61264683711368 ], [ -6.50879972134075, 38.612766636221089 ] ] ] ] } },
{ "type": "Feature", "properties": { "codigo_provincia": "06", "codigo_municipio": "007", "nombre": "RECINTO FERIAL", "tipo_lonja": "FE", "titularidad": "MU", "gestion": "MU", "superficie_cubierta": 0.0, "superficie_aire": 1450.0, "superficie_solar": 1450.0, "estado": "B", "referencia_catastral": "NA", "acceso_silla_ruedas": "SI" }, "geometry": { "type": "MultiPolygon", "coordinates": [ [ [ [ -7.068592184027789, 38.514523088338592 ], [ -7.068422325246944, 38.514407147514895 ], [ -7.068636265032993, 38.514100856668179 ], [ -7.068693659409142, 38.514014465920198 ], [ -7.068782915009795, 38.513791815943897 ], [ -7.069002685899362, 38.513887550855387 ], [ -7.068859058438888, 38.514103482410469 ], [ -7.068839343319643, 38.514196395635032 ], [ -7.068721762188706, 38.514355919311583 ], [ -7.068592184027789, 38.514523088338592 ] ] ] ] } },
{ "type": "Feature", "properties": { "codigo_provincia": "06", "codigo_municipio": "029", "nombre": "MERCADO", "tipo_lonja": "ME", "titularidad": "MU", "gestion": "MU", "superficie_cubierta": 491.0, "superficie_aire": 60.0, "superficie_solar": 551.0, "estado": "B", "referencia_catastral": "NA", "acceso_silla_ruedas": "SI" }, "geometry": { "type": "MultiPolygon", "coordinates": [ [ [ [ -5.831794507701659, 38.500409541176516 ], [ -5.83190811970851, 38.50046278567455 ], [ -5.831785606623264, 38.50057773561241 ], [ -5.831727753912381, 38.500603479954961 ], [ -5.831838842828962, 38.500671392430114 ], [ -5.831832058037538, 38.500695901365994 ], [ -5.831756110034488, 38.500655135294785 ], [ -5.831668525022739, 38.500606545175252 ], [ -5.831651092823669, 38.500623593057803 ], [ -5.831527504395408, 38.500513379360534 ], [ -5.831518618031335, 38.500443333031697 ], [ -5.831620799967983, 38.500426908904316 ], [ -5.831640344726679, 38.500415972195512 ], [ -5.831697372619675, 38.500460580605996 ], [ -5.831716979513278, 38.500446090556729 ], [ -5.831732917698033, 38.500458503490059 ], [ -5.831794507701659, 38.500409541176516 ] ] ] ] } },
{ "type": "Feature", "properties": { "codigo_provincia": "06", "codigo_municipio": "086", "nombre": "MERCADO", "tipo_lonja": "ME", "titularidad": "MU", "gestion": "MU", "superficie_cubierta": 147.0, "superficie_aire": 0.0, "superficie_solar": 147.0, "estado": "B", "referencia_catastral": "NA", "acceso_silla_ruedas": "SI" }, "geometry": { "type": "MultiPolygon", "coordinates": [ [ [ [ -6.082053449223189, 38.01517136714893 ], [ -6.081923881768908, 38.015192275945026 ], [ -6.081889232404147, 38.015197880161594 ], [ -6.081860792452052, 38.015110690970786 ], [ -6.082020785923151, 38.015083189065869 ], [ -6.082053449223189, 38.01517136714893 ] ] ] ] } },
{ "type": "Feature", "properties": { "codigo_provincia": "06", "codigo_municipio": "162", "nombre": "RECINTO FERIAL", "tipo_lonja": "FE", "titularidad": "MU", "gestion": "MU", "superficie_cubierta": 1100.0, "superficie_aire": 6794.0, "superficie_solar": 7894.0, "estado": "B", "referencia_catastral": "NA", "acceso_silla_ruedas": "SI" }, "geometry": { "type": "MultiPolygon", "coordinates": [ [ [ [ -6.216799848970819, 38.824982445153957 ], [ -6.216742551768745, 38.825062589090322 ], [ -6.216704379785676, 38.825115981691944 ], [ -6.216672216352973, 38.825160969837668 ], [ -6.216435614533058, 38.825462706120831 ], [ -6.216316143690449, 38.825439155964332 ], [ -6.216215383260292, 38.825653975179755 ], [ -6.216035408327723, 38.825833119193433 ], [ -6.215936369962304, 38.825923444782809 ], [ -6.215777229880018, 38.825956625877708 ], [ -6.215640888000239, 38.825815620775167 ], [ -6.21537087719589, 38.825571800037181 ], [ -6.215315549190508, 38.825513848146315 ], [ -6.215290739882792, 38.825483117977484 ], [ -6.215232906260857, 38.825387852453261 ], [ -6.21555146348499, 38.825210199408907 ], [ -6.215716746390863, 38.825133683278537 ], [ -6.215866434023549, 38.82507183983472 ], [ -6.216620025352071, 38.824904601589793 ], [ -6.216799848970819, 38.824982445153957 ] ] ] ] } },
{ "type": "Feature", "properties": { "codigo_provincia": "06", "codigo_municipio": "050", "nombre": "MERCADO", "tipo_lonja": "ME", "titularidad": "MU", "gestion": "MU", "superficie_cubierta": 1572.0, "superficie_aire": 0.0, "superficie_solar": 916.0, "estado": "B", "referencia_catastral": "5675614QC0257N0001BE", "acceso_silla_ruedas": "SI" }, "geometry": { "type": "MultiPolygon", "coordinates": [ [ [ [ -6.653287832372835, 38.170513355950263 ], [ -6.653147068860188, 38.17055341534477 ], [ -6.653033722448098, 38.170507686284445 ], [ -6.652975692315026, 38.170397034093739 ], [ -6.653039679637589, 38.170345080802953 ], [ -6.653018749406263, 38.170322370643525 ], [ -6.653003728142963, 38.1703058694345 ], [ -6.652952935396344, 38.170249756600754 ], [ -6.653198423457536, 38.170173454100841 ], [ -6.653227647169645, 38.170236079236659 ], [ -6.653258005793192, 38.170227398800357 ], [ -6.653248540683027, 38.170274555977535 ], [ -6.653262513126748, 38.170279073336751 ], [ -6.653259184666674, 38.170300240406043 ], [ -6.653285446180175, 38.170312849632751 ], [ -6.653301954065283, 38.170350841436161 ], [ -6.653337553581776, 38.17042626112562 ], [ -6.653287832372835, 38.170513355950263 ] ] ] ] } },
{ "type": "Feature", "properties": { "codigo_provincia": "06", "codigo_municipio": "036", "nombre": "MERCADO", "tipo_lonja": "ME", "titularidad": "MU", "gestion": "MU", "superficie_cubierta": 450.0, "superficie_aire": 200.0, "superficie_solar": 650.0, "estado": "B", "referencia_catastral": "NA", "acceso_silla_ruedas": "SI" }, "geometry": { "type": "MultiPolygon", "coordinates": [ [ [ [ -5.546161529518473, 38.722141163635619 ], [ -5.546046582644696, 38.722088341893503 ], [ -5.546056860428648, 38.722070046139834 ], [ -5.546017464768636, 38.722054734859455 ], [ -5.545997446474115, 38.722038050273909 ], [ -5.545886336390496, 38.721986255266643 ], [ -5.545919073705858, 38.721937909224614 ], [ -5.545971832076757, 38.721966320916529 ], [ -5.546037846710838, 38.721876425839795 ], [ -5.546050248483541, 38.721883764855036 ], [ -5.546114994887104, 38.721811186403599 ], [ -5.546285708813555, 38.721911735289098 ], [ -5.546296641421009, 38.721914528144289 ], [ -5.546307595531826, 38.721917926740652 ], [ -5.546316337493417, 38.721924404588179 ], [ -5.546319065707909, 38.721935863149277 ], [ -5.54631479192502, 38.721946261849155 ], [ -5.546304267860815, 38.721954978098132 ], [ -5.546294473474336, 38.721957389376101 ], [ -5.546161529518473, 38.722141163635619 ] ] ] ] } },
{ "type": "Feature", "properties": { "codigo_provincia": "06", "codigo_municipio": "014", "nombre": "MERCADO NUEVO", "tipo_lonja": "ME", "titularidad": "MU", "gestion": "MU", "superficie_cubierta": 1062.0, "superficie_aire": 0.0, "superficie_solar": 1062.0, "estado": "B", "referencia_catastral": "NA", "acceso_silla_ruedas": "SI" }, "geometry": { "type": "MultiPolygon", "coordinates": [ [ [ [ -5.676015338086646, 38.261931425538883 ], [ -5.675840247128294, 38.262186625506395 ], [ -5.675683388746962, 38.262116163732628 ], [ -5.6755039325054, 38.262039165748561 ], [ -5.675693738955428, 38.261788919171309 ], [ -5.676015338086646, 38.261931425538883 ] ] ] ] } },
{ "type": "Feature", "properties": { "codigo_provincia": "06", "codigo_municipio": "069", "nombre": "RECINTO FERIAL Y CASETA MUNICIPAL", "tipo_lonja": "FE", "titularidad": "MU", "gestion": "MU", "superficie_cubierta": 2500.0, "superficie_aire": 4678.0, "superficie_solar": 7178.0, "estado": "B", "referencia_catastral": "NA", "acceso_silla_ruedas": "SI" }, "geometry": { "type": "MultiPolygon", "coordinates": [ [ [ [ -6.073754403995491, 38.551826454103832 ], [ -6.073621592083759, 38.551617994343566 ], [ -6.073582525982091, 38.551583353116932 ], [ -6.073497094973565, 38.551526561673825 ], [ -6.073337934096688, 38.551601661542882 ], [ -6.072728868626476, 38.551948759457815 ], [ -6.072253802265679, 38.551704465547438 ], [ -6.073307016695427, 38.55125605306052 ], [ -6.073766636011117, 38.551089004512562 ], [ -6.073906718811214, 38.55114189960787 ], [ -6.074230860043067, 38.551617970857528 ], [ -6.073754403995491, 38.551826454103832 ] ] ] ] } },
{ "type": "Feature", "properties": { "codigo_provincia": "06", "codigo_municipio": "069", "nombre": "MERCADO ABASTOS", "tipo_lonja": "ME", "titularidad": "MU", "gestion": "MU", "superficie_cubierta": 296.0, "superficie_aire": 18.0, "superficie_solar": 296.0, "estado": "E", "referencia_catastral": "5719529QC5751N0001KO", "acceso_silla_ruedas": "SI" }, "geometry": { "type": "MultiPolygon", "coordinates": [ [ [ [ -6.06771786610788, 38.55641502868604 ], [ -6.067683652183361, 38.556502632337263 ], [ -6.067679786598918, 38.55650796224532 ], [ -6.067610675215344, 38.556477968137472 ], [ -6.067581213366817, 38.556466132520789 ], [ -6.067515885773444, 38.556299253467479 ], [ -6.06765352421706, 38.556259098298867 ], [ -6.06771786610788, 38.55641502868604 ] ] ] ] } },
{ "type": "Feature", "properties": { "codigo_provincia": "06", "codigo_municipio": "087", "nombre": "RECINTO FERIAL", "tipo_lonja": "FE", "titularidad": "MU", "gestion": "MU", "superficie_cubierta": 36.0, "superficie_aire": 1336.0, "superficie_solar": 1372.0, "estado": "B", "referencia_catastral": "NA", "acceso_silla_ruedas": "SI" }, "geometry": { "type": "MultiPolygon", "coordinates": [ [ [ [ -5.439884850257408, 38.589822642245004 ], [ -5.439129018484135, 38.589713134506077 ], [ -5.439482754090941, 38.589573086403803 ], [ -5.439496093424593, 38.589569458736278 ], [ -5.439533906083517, 38.589574883785012 ], [ -5.439576451986609, 38.589573996424605 ], [ -5.43962570999847, 38.589555783767921 ], [ -5.439647772601442, 38.589524771984394 ], [ -5.43991534308771, 38.589505347171588 ], [ -5.439894707409097, 38.589720073253162 ], [ -5.439884850257408, 38.589822642245004 ] ] ] ] } },
{ "type": "Feature", "properties": { "codigo_provincia": "06", "codigo_municipio": "063", "nombre": "FERIA DE MUESTRAS", "tipo_lonja": "FE", "titularidad": "MU", "gestion": "MU", "superficie_cubierta": 2996.0, "superficie_aire": 10055.0, "superficie_solar": 11551.0, "estado": "B", "referencia_catastral": "1874201UJ2317S0001WB", "acceso_silla_ruedas": "SI" }, "geometry": { "type": "MultiPolygon", "coordinates": [ [ [ [ -5.064422609536624, 39.167837002084589 ], [ -5.064446455063636, 39.167873943111573 ], [ -5.064271865544629, 39.167891334755147 ], [ -5.064302324014525, 39.167927968614158 ], [ -5.064265525455385, 39.167957859743204 ], [ -5.064204259912949, 39.16803015535281 ], [ -5.064196607093887, 39.168039456587607 ], [ -5.064054862849125, 39.168053233102192 ], [ -5.063198511970205, 39.168186701933799 ], [ -5.062410250127217, 39.168303371941427 ], [ -5.062221694186943, 39.168335784101679 ], [ -5.062184941591591, 39.16832016911215 ], [ -5.062160065969143, 39.168308826714878 ], [ -5.062139570622112, 39.168295002386238 ], [ -5.062111292032931, 39.168275711943444 ], [ -5.06210769916609, 39.168251507256322 ], [ -5.062102116283381, 39.168224894867663 ], [ -5.06210056655047, 39.168218990101771 ], [ -5.062218698277587, 39.168095800224073 ], [ -5.062252950932826, 39.168105289332978 ], [ -5.062297832754722, 39.168025018861826 ], [ -5.062765941342888, 39.167949182169629 ], [ -5.062806546602157, 39.167882198044964 ], [ -5.062903035384099, 39.167834103764207 ], [ -5.063034621230817, 39.167821833599376 ], [ -5.063497136677709, 39.167336532768978 ], [ -5.064056152148692, 39.167240484098386 ], [ -5.064151290255356, 39.167291810312989 ], [ -5.06433673896005, 39.167520451658781 ], [ -5.06438421875115, 39.167688586101193 ], [ -5.064422609536624, 39.167837002084589 ] ] ] ] } },
{ "type": "Feature", "properties": { "codigo_provincia": "06", "codigo_municipio": "019", "nombre": "CASETA MUNICIPAL", "tipo_lonja": "FE", "titularidad": "MU", "gestion": "MU", "superficie_cubierta": 1975.0, "superficie_aire": 0.0, "superficie_solar": 1975.0, "estado": "R", "referencia_catastral": "2906007TH5420N0001WP", "acceso_silla_ruedas": "SI" }, "geometry": { "type": "MultiPolygon", "coordinates": [ [ [ [ -5.826037028685026, 38.278606559666294 ], [ -5.825992611683453, 38.278578242027727 ], [ -5.825903137725033, 38.278527463144208 ], [ -5.825882505353612, 38.278546407735647 ], [ -5.825487633343354, 38.27830809011509 ], [ -5.8256046446882, 38.278176941193287 ], [ -5.825728438616744, 38.278063273890631 ], [ -5.825791382381832, 38.278101655493124 ], [ -5.826257531989722, 38.278383924633616 ], [ -5.826037028685026, 38.278606559666294 ] ] ] ] } },
{ "type": "Feature", "properties": { "codigo_provincia": "06", "codigo_municipio": "072", "nombre": "RECINTO FERIAL", "tipo_lonja": "FE", "titularidad": "MU", "gestion": "MU", "superficie_cubierta": 3761.0, "superficie_aire": 3701.0, "superficie_solar": 3761.0, "estado": "B", "referencia_catastral": "NA", "acceso_silla_ruedas": "NO" }, "geometry": { "type": "MultiPolygon", "coordinates": [ [ [ [ -6.62934463759077, 38.850897875628633 ], [ -6.628931241390155, 38.851362320333685 ], [ -6.628883461141115, 38.851358827704978 ], [ -6.628589251001249, 38.851209732291977 ], [ -6.629391924246812, 38.850348320203629 ], [ -6.629532388843002, 38.850445159606849 ], [ -6.629637004379561, 38.850506773342204 ], [ -6.629532313663591, 38.85061966314818 ], [ -6.629577948078241, 38.850648930846383 ], [ -6.62934463759077, 38.850897875628633 ] ] ] ] } },
{ "type": "Feature", "properties": { "codigo_provincia": "06", "codigo_municipio": "148", "nombre": "RECINTO FERIAL", "tipo_lonja": "FE", "titularidad": "MU", "gestion": "MU", "superficie_cubierta": 60.0, "superficie_aire": 2140.0, "superficie_solar": 2200.0, "estado": "B", "referencia_catastral": "NA", "acceso_silla_ruedas": "NO" }, "geometry": { "type": "MultiPolygon", "coordinates": [ [ [ [ -6.79053881896802, 38.369066152521668 ], [ -6.790437753775982, 38.36898385181955 ], [ -6.790194044707413, 38.368855039951576 ], [ -6.790165880073483, 38.368840153534535 ], [ -6.790347985597936, 38.368661273660834 ], [ -6.790598192839771, 38.368462196325851 ], [ -6.790922338846323, 38.368786551961819 ], [ -6.79053881896802, 38.369066152521668 ] ] ] ] } },
{ "type": "Feature", "properties": { "codigo_provincia": "06", "codigo_municipio": "158", "nombre": "RECINTO FERIA GANADERA", "tipo_lonja": "FE", "titularidad": "MU", "gestion": "MU", "superficie_cubierta": 44000.0, "superficie_aire": 129984.0, "superficie_solar": 173984.0, "estado": "B", "referencia_catastral": "NA", "acceso_silla_ruedas": "SI" }, "geometry": { "type": "MultiPolygon", "coordinates": [ [ [ [ -6.412656740998314, 38.429309467653923 ], [ -6.409033841698163, 38.430886666996344 ], [ -6.408826615866276, 38.43071906679284 ], [ -6.408700391436456, 38.430625927374393 ], [ -6.408268494956809, 38.430315668996776 ], [ -6.408019881513088, 38.430144495285802 ], [ -6.407681605348746, 38.429893987349622 ], [ -6.407093277639356, 38.429465517259253 ], [ -6.406965891666287, 38.42938139625555 ], [ -6.406791432479419, 38.429259125614657 ], [ -6.406618932149699, 38.429109815757258 ], [ -6.406396051154335, 38.428931811304246 ], [ -6.411324663742462, 38.424786869281569 ], [ -6.411416258350195, 38.424754246551323 ], [ -6.411554249872878, 38.424735112726296 ], [ -6.411647165137661, 38.424761699566339 ], [ -6.411689967719495, 38.424788619761664 ], [ -6.411775814652724, 38.424901503891419 ], [ -6.411798034776819, 38.424984895540156 ], [ -6.411728220412233, 38.425631397699753 ], [ -6.41166414133056, 38.425627535124761 ], [ -6.411520387537354, 38.426533884515926 ], [ -6.4114729559861, 38.426726364580901 ], [ -6.410710945830903, 38.426660926985676 ], [ -6.410665344953787, 38.427092090710083 ], [ -6.410593827405518, 38.427546194346867 ], [ -6.410832639396639, 38.427846737990613 ], [ -6.411662470361858, 38.427646781585501 ], [ -6.411981455352998, 38.428180219601991 ], [ -6.412729639085586, 38.429163527436451 ], [ -6.412713071847937, 38.429258222888699 ], [ -6.412656740998314, 38.429309467653923 ] ] ] ] } },
{ "type": "Feature", "properties": { "codigo_provincia": "06", "codigo_municipio": "070", "nombre": "FERIAL", "tipo_lonja": "FE", "titularidad": "MU", "gestion": "MU", "superficie_cubierta": 0.0, "superficie_aire": 24411.0, "superficie_solar": 24411.0, "estado": "B", "referencia_catastral": "NA", "acceso_silla_ruedas": "SI" }, "geometry": { "type": "MultiPolygon", "coordinates": [ [ [ [ -6.761428911629267, 38.328461728672913 ], [ -6.760090899346713, 38.329590924126535 ], [ -6.759147939042332, 38.330364650276316 ], [ -6.758939573882688, 38.330468992912962 ], [ -6.758514680922836, 38.330076964742261 ], [ -6.760023419619078, 38.32851315230846 ], [ -6.760702088364407, 38.327860828189344 ], [ -6.760968868495442, 38.328079258372441 ], [ -6.761428911629267, 38.328461728672913 ] ] ] ] } },
{ "type": "Feature", "properties": { "codigo_provincia": "06", "codigo_municipio": "028", "nombre": "RECINTO FERIAL", "tipo_lonja": "FE", "titularidad": "MU", "gestion": "MU", "superficie_cubierta": 55.0, "superficie_aire": 5887.0, "superficie_solar": 5942.0, "estado": "R", "referencia_catastral": "1845601TJ7014N0001PH", "acceso_silla_ruedas": "SI" }, "geometry": { "type": "MultiPolygon", "coordinates": [ [ [ [ -5.631042692501419, 38.858840638335849 ], [ -5.630909565275594, 38.858696351764756 ], [ -5.631285306914007, 38.858478826040617 ], [ -5.630878461862623, 38.85805185021092 ], [ -5.630478990647679, 38.858284302135793 ], [ -5.630372472105176, 38.858333696896757 ], [ -5.630203528639215, 38.85815536390453 ], [ -5.629927248103234, 38.857765442867695 ], [ -5.630094022897244, 38.857685053577768 ], [ -5.630033169910316, 38.857617230037881 ], [ -5.630192021068454, 38.857546361646733 ], [ -5.630263636024463, 38.857598378453829 ], [ -5.630685470546827, 38.857498921764851 ], [ -5.630758851579804, 38.857651292996195 ], [ -5.63077868204063, 38.857761744086282 ], [ -5.630801434915544, 38.857865968304424 ], [ -5.630855135816827, 38.857954708598989 ], [ -5.630902486470331, 38.858012769517359 ], [ -5.631474396446235, 38.85857409214433 ], [ -5.631042692501419, 38.858840638335849 ] ] ] ] } },
{ "type": "Feature", "properties": { "codigo_provincia": "06", "codigo_municipio": "128", "nombre": "RECINTO FERIAL", "tipo_lonja": "FE", "titularidad": "MU", "gestion": "MU", "superficie_cubierta": 81.0, "superficie_aire": 8000.0, "superficie_solar": 8081.0, "estado": "B", "referencia_catastral": "NA", "acceso_silla_ruedas": "SI" }, "geometry": { "type": "MultiPolygon", "coordinates": [ [ [ [ -6.766369891563973, 38.867444675553358 ], [ -6.766497762222083, 38.86763385219507 ], [ -6.766815832979075, 38.867510161754545 ], [ -6.766916613288621, 38.867667108533155 ], [ -6.766751690315444, 38.867737650465401 ], [ -6.767145692653994, 38.868261458943472 ], [ -6.766993366443046, 38.86833017660981 ], [ -6.766329672203177, 38.868605384159068 ], [ -6.766236554341635, 38.868237173658834 ], [ -6.766169599535373, 38.86816390998613 ], [ -6.766154255581233, 38.868117045568923 ], [ -6.76614827287644, 38.868003821428282 ], [ -6.766106395088604, 38.867794713517327 ], [ -6.76602692323636, 38.867560521188601 ], [ -6.766104341592285, 38.867530123850543 ], [ -6.765881850706567, 38.867131525789034 ], [ -6.766081169873686, 38.867059874342416 ], [ -6.766308937746147, 38.86745798581677 ], [ -6.766369891563973, 38.867444675553358 ] ] ] ] } },
{ "type": "Feature", "properties": { "codigo_provincia": "06", "codigo_municipio": "011", "nombre": "RECINTO FERIAL", "tipo_lonja": "FE", "titularidad": "MU", "gestion": "MU", "superficie_cubierta": 1800.0, "superficie_aire": 39989.0, "superficie_solar": 41789.0, "estado": "B", "referencia_catastral": "NA", "acceso_silla_ruedas": "SI" }, "geometry": { "type": "MultiPolygon", "coordinates": [ [ [ [ -6.414198285815752, 38.689918020916544 ], [ -6.413269348676184, 38.690146657215649 ], [ -6.410670410661674, 38.690767464501839 ], [ -6.410301055559325, 38.690108161358033 ], [ -6.413585582122899, 38.689020139049987 ], [ -6.413657108511686, 38.688999791765731 ], [ -6.413745471304368, 38.688998652148669 ], [ -6.413822455812459, 38.689038441084215 ], [ -6.413889517363984, 38.689338235515102 ], [ -6.413927326485076, 38.689438944628961 ], [ -6.414011900168595, 38.689638257252533 ], [ -6.414198285815752, 38.689918020916544 ] ] ], [ [ [ -6.416023307117563, 38.689523893685077 ], [ -6.415792053730056, 38.689639224357109 ], [ -6.415595037821934, 38.689747847725286 ], [ -6.4154154939245, 38.6899254614504 ], [ -6.415331299278803, 38.690019665264607 ], [ -6.41515170290807, 38.690047156779606 ], [ -6.414549382713757, 38.690043558547764 ], [ -6.414203379189276, 38.689524025941807 ], [ -6.41413683185979, 38.689379307100978 ], [ -6.414086142196977, 38.689151755491338 ], [ -6.414078636507246, 38.689093603916824 ], [ -6.414242843232699, 38.689044231352845 ], [ -6.416023307117563, 38.689523893685077 ] ] ] ] } },
{ "type": "Feature", "properties": { "codigo_provincia": "06", "codigo_municipio": "091", "nombre": "RECINTO FERIAL", "tipo_lonja": "FE", "titularidad": "MU", "gestion": "MU", "superficie_cubierta": 9415.0, "superficie_aire": 8594.0, "superficie_solar": 9415.0, "estado": "B", "referencia_catastral": "6508404TJ8360N0001HK", "acceso_silla_ruedas": "SI" }, "geometry": { "type": "MultiPolygon", "coordinates": [ [ [ [ -5.470201481608084, 39.098099434284677 ], [ -5.469349576001128, 39.098289337462269 ], [ -5.469348783730765, 39.098074946244729 ], [ -5.469348534494413, 39.098066999942155 ], [ -5.469348188173968, 39.098059493800989 ], [ -5.469347168958462, 39.098033513938439 ], [ -5.469355642959165, 39.097396769468915 ], [ -5.469359902431747, 39.097209521227988 ], [ -5.469364882137183, 39.097094457239031 ], [ -5.469374125031021, 39.096921122704757 ], [ -5.469370254023135, 39.096852093850941 ], [ -5.469301781524313, 39.096410884724264 ], [ -5.469568505941628, 39.096415089431503 ], [ -5.469679869849343, 39.09671191028886 ], [ -5.469769700370502, 39.096949911982634 ], [ -5.469901398351787, 39.097300100739858 ], [ -5.470032040600992, 39.09764899738456 ], [ -5.470201481608084, 39.098099434284677 ] ] ] ] } },
{ "type": "Feature", "properties": { "codigo_provincia": "06", "codigo_municipio": "135", "nombre": "RECINTO FERIAL", "tipo_lonja": "FE", "titularidad": "EM", "gestion": "EM", "superficie_cubierta": 0.0, "superficie_aire": 2830.0, "superficie_solar": 2830.0, "estado": "B", "referencia_catastral": "NA", "acceso_silla_ruedas": "SI" }, "geometry": { "type": "MultiPolygon", "coordinates": [ [ [ [ -6.256915734263684, 38.953698320828309 ], [ -6.2571726289707, 38.954124703646514 ], [ -6.257490777797172, 38.954629886617383 ], [ -6.257215820470428, 38.954706784673434 ], [ -6.256901908593713, 38.954206812659159 ], [ -6.256664287447069, 38.953795108709379 ], [ -6.256915734263684, 38.953698320828309 ] ] ] ] } },
{ "type": "Feature", "properties": { "codigo_provincia": "06", "codigo_municipio": "082", "nombre": "RECINTO FERIAL", "tipo_lonja": "FE", "titularidad": "MU", "gestion": "MU", "superficie_cubierta": 10.0, "superficie_aire": 593.0, "superficie_solar": 603.0, "estado": "B", "referencia_catastral": "5942009QD6154S0001KL", "acceso_silla_ruedas": "SI" }, "geometry": { "type": "MultiPolygon", "coordinates": [ [ [ [ -5.934242492430177, 38.935128329378948 ], [ -5.933940249848014, 38.935238527523531 ], [ -5.933839414644909, 38.935074578650323 ], [ -5.934158623634922, 38.934956986071775 ], [ -5.934242492430177, 38.935128329378948 ] ] ] ] } },
{ "type": "Feature", "properties": { "codigo_provincia": "06", "codigo_municipio": "111", "nombre": "RECINTO FERIAL", "tipo_lonja": "FE", "titularidad": "MU", "gestion": "MU", "superficie_cubierta": 0.0, "superficie_aire": 1703.0, "superficie_solar": 1703.0, "estado": "B", "referencia_catastral": "NA", "acceso_silla_ruedas": "SI" }, "geometry": { "type": "MultiPolygon", "coordinates": [ [ [ [ -5.806824614613567, 39.052506598986319 ], [ -5.80671527417339, 39.052521772079729 ], [ -5.806359552446596, 39.052562573452008 ], [ -5.806289591825101, 39.052138258568377 ], [ -5.806747719745641, 39.052147954014735 ], [ -5.806769876990114, 39.052262741976328 ], [ -5.806806140064622, 39.052262776431867 ], [ -5.806824614613567, 39.052506598986319 ] ] ] ] } },
{ "type": "Feature", "properties": { "codigo_provincia": "06", "codigo_municipio": "086", "nombre": "MERCADO DE ABASTOS", "tipo_lonja": "ME", "titularidad": "MU", "gestion": "MU", "superficie_cubierta": 129.0, "superficie_aire": 0.0, "superficie_solar": 129.0, "estado": "B", "referencia_catastral": "NA", "acceso_silla_ruedas": "SI" }, "geometry": { "type": "MultiPolygon", "coordinates": [ [ [ [ -6.151985837740508, 38.11271956801361 ], [ -6.151845831605384, 38.112631075923701 ], [ -6.151890643253266, 38.112592799763206 ], [ -6.151915805474404, 38.112605338156847 ], [ -6.15193778666204, 38.11258712911313 ], [ -6.151962178519209, 38.112603358761589 ], [ -6.151989512386709, 38.112623179977831 ], [ -6.152024703507468, 38.112642056071415 ], [ -6.152052359497784, 38.112658565102123 ], [ -6.152037645334266, 38.112672908438114 ], [ -6.151985837740508, 38.11271956801361 ] ] ] ] } },
{ "type": "Feature", "properties": { "codigo_provincia": "06", "codigo_municipio": "106", "nombre": "RECINTO FERIAL", "tipo_lonja": "FE", "titularidad": "MU", "gestion": "MU", "superficie_cubierta": 0.0, "superficie_aire": 4560.0, "superficie_solar": 4560.0, "estado": "B", "referencia_catastral": "NA", "acceso_silla_ruedas": "SI" }, "geometry": { "type": "MultiPolygon", "coordinates": [ [ [ [ -6.195567251256555, 38.569264308209775 ], [ -6.195504468937459, 38.569212349314924 ], [ -6.195671364703268, 38.569062250416899 ], [ -6.195811510472015, 38.568887077306414 ], [ -6.195681819238534, 38.568823528032532 ], [ -6.195850590715076, 38.568611962119277 ], [ -6.195914503080289, 38.568659761185664 ], [ -6.196019166119118, 38.568725748379897 ], [ -6.196393121487635, 38.568957373383107 ], [ -6.196771335680065, 38.569214375509112 ], [ -6.196496869253292, 38.569518115909034 ], [ -6.196152370516661, 38.56932470375083 ], [ -6.196046115814203, 38.569270836440552 ], [ -6.195948014531831, 38.569222939416704 ], [ -6.195954397600484, 38.56921863623711 ], [ -6.195772673344041, 38.56908746721092 ], [ -6.195669962425491, 38.569175887750504 ], [ -6.195567251256555, 38.569264308209775 ] ] ] ] } },
{ "type": "Feature", "properties": { "codigo_provincia": "06", "codigo_municipio": "008", "nombre": "RECINTO FERIAL", "tipo_lonja": "FE", "titularidad": "MU", "gestion": "MU", "superficie_cubierta": 888.0, "superficie_aire": 500.0, "superficie_solar": 1388.0, "estado": "B", "referencia_catastral": "NA", "acceso_silla_ruedas": "SI" }, "geometry": { "type": "MultiPolygon", "coordinates": [ [ [ [ -6.475594564732953, 38.39830216188524 ], [ -6.47583362591991, 38.398702430370271 ], [ -6.475726432351711, 38.398806712171968 ], [ -6.475496516421424, 38.398809683629025 ], [ -6.475561120568555, 38.398778876354974 ], [ -6.475308252342257, 38.398405032644447 ], [ -6.475594564732953, 38.39830216188524 ] ] ] ] } },
{ "type": "Feature", "properties": { "codigo_provincia": "06", "codigo_municipio": "109", "nombre": "RECINTO FERIAL", "tipo_lonja": "FE", "titularidad": "MU", "gestion": "MU", "superficie_cubierta": 2626.0, "superficie_aire": 2626.0, "superficie_solar": 2626.0, "estado": "B", "referencia_catastral": "NA", "acceso_silla_ruedas": "SI" }, "geometry": { "type": "MultiPolygon", "coordinates": [ [ [ [ -5.67381107759079, 38.74233459224353 ], [ -5.673825005018699, 38.742402134751622 ], [ -5.673826784257407, 38.742419252677813 ], [ -5.673012135886339, 38.742802097744793 ], [ -5.672981207431427, 38.7428232585834 ], [ -5.672894810551791, 38.742476716741329 ], [ -5.672994890954721, 38.742448974581933 ], [ -5.67318310001976, 38.74236885644013 ], [ -5.673221074442329, 38.742356815520957 ], [ -5.673347875315246, 38.742317424813891 ], [ -5.673429904433529, 38.742299059952067 ], [ -5.673522866198989, 38.742264457268938 ], [ -5.673615996332696, 38.742239301740184 ], [ -5.673701599990608, 38.74223364852314 ], [ -5.673797692760791, 38.74222867596594 ], [ -5.67381107759079, 38.74233459224353 ] ] ] ] } },
{ "type": "Feature", "properties": { "codigo_provincia": "06", "codigo_municipio": "153", "nombre": "RECINTO FERIAL", "tipo_lonja": "FE", "titularidad": "MU", "gestion": "MU", "superficie_cubierta": 66.0, "superficie_aire": 41627.0, "superficie_solar": 41693.0, "estado": "B", "referencia_catastral": "06153A036054170001LZ", "acceso_silla_ruedas": "SI" }, "geometry": { "type": "MultiPolygon", "coordinates": [ [ [ [ -5.808985212251209, 38.978919051701631 ], [ -5.809038996230181, 38.979329906714568 ], [ -5.808686321176718, 38.979334495909448 ], [ -5.808307487330312, 38.979310414254549 ], [ -5.80825371487318, 38.979311221017667 ], [ -5.808216841144637, 38.978995671058435 ], [ -5.806875891783656, 38.979132461601644 ], [ -5.806920956421424, 38.979386285245027 ], [ -5.806603266241651, 38.979421279081507 ], [ -5.806600975314842, 38.979394964381591 ], [ -5.806543515750058, 38.979239105033393 ], [ -5.806502786464042, 38.979174160759591 ], [ -5.806466629585919, 38.979119048519387 ], [ -5.806382933011315, 38.978900825944862 ], [ -5.806344554187388, 38.978824105104984 ], [ -5.806239865748673, 38.978854459535683 ], [ -5.80612453373888, 38.978708416460535 ], [ -5.805926403259084, 38.978467798416922 ], [ -5.805867659324895, 38.978398159939225 ], [ -5.805860033256129, 38.97838921777393 ], [ -5.80584871398348, 38.978374878391456 ], [ -5.805803291746751, 38.978316814736779 ], [ -5.805602701821113, 38.978059407878177 ], [ -5.805671912185884, 38.97801227776646 ], [ -5.806327546707078, 38.977581929909775 ], [ -5.806385197532907, 38.977601039577443 ], [ -5.806598889167441, 38.977618670892241 ], [ -5.806682768328931, 38.977563131431268 ], [ -5.80685718917283, 38.97742683981906 ], [ -5.806912115128252, 38.977646698757027 ], [ -5.806924155678988, 38.977702206835282 ], [ -5.806879792247228, 38.977705552243606 ], [ -5.80687095241167, 38.977647974328605 ], [ -5.806786301108692, 38.977656275081863 ], [ -5.806803466987573, 38.977763045135376 ], [ -5.80689737618387, 38.977753667457627 ], [ -5.80690197830532, 38.977782452027547 ], [ -5.806937254960006, 38.977779894722154 ], [ -5.806956734920019, 38.977850899080977 ], [ -5.808800946426649, 38.977618115055229 ], [ -5.808985212251209, 38.978919051701631 ] ] ] ] } },
{ "type": "Feature", "properties": { "codigo_provincia": "06", "codigo_municipio": "060", "nombre": "RECINTO FERIAL", "tipo_lonja": "FE", "titularidad": "MU", "gestion": "MU", "superficie_cubierta": 100.0, "superficie_aire": 8200.0, "superficie_solar": 8300.0, "estado": "B", "referencia_catastral": "NA", "acceso_silla_ruedas": "SI" }, "geometry": { "type": "MultiPolygon", "coordinates": [ [ [ [ -6.0897853212065, 38.85590417241005 ], [ -6.089344621696932, 38.855834490052622 ], [ -6.089414182410945, 38.855535301830407 ], [ -6.089951754295637, 38.855605224205249 ], [ -6.089960741114966, 38.855647063622598 ], [ -6.089930002495245, 38.85576569413341 ], [ -6.089821771116224, 38.855751728825972 ], [ -6.0897853212065, 38.85590417241005 ] ] ], [ [ [ -6.089177601264551, 38.85581122136454 ], [ -6.08805499083928, 38.855640605852244 ], [ -6.088119706355785, 38.85533892795312 ], [ -6.089250300795578, 38.85550531395922 ], [ -6.089177601264551, 38.85581122136454 ] ] ], [ [ [ -6.087891111520467, 38.855622728980016 ], [ -6.087598452484309, 38.855567153411187 ], [ -6.08739056459976, 38.855480116021077 ], [ -6.087442590416492, 38.855239639267118 ], [ -6.08796492711005, 38.855310387286579 ], [ -6.087891111520467, 38.855622728980016 ] ] ], [ [ [ -6.087228559139802, 38.855406535137583 ], [ -6.086475302249823, 38.855064410054538 ], [ -6.086593297434718, 38.854846941355568 ], [ -6.08728140404914, 38.855162553869611 ], [ -6.087228559139802, 38.855406535137583 ] ] ] ] } },
{ "type": "Feature", "properties": { "codigo_provincia": "06", "codigo_municipio": "107", "nombre": "RECINTO FERIAL", "tipo_lonja": "FE", "titularidad": "MU", "gestion": "MU", "superficie_cubierta": 1000.0, "superficie_aire": 3175.0, "superficie_solar": 4175.0, "estado": "B", "referencia_catastral": "NA", "acceso_silla_ruedas": "SI" }, "geometry": { "type": "MultiPolygon", "coordinates": [ [ [ [ -6.622833070534135, 39.178320839558637 ], [ -6.622393211414868, 39.17819476161921 ], [ -6.62260329067426, 39.177525420977226 ], [ -6.623282317802774, 39.17749793985643 ], [ -6.623252702860423, 39.177555945246553 ], [ -6.622833070534135, 39.178320839558637 ] ] ] ] } },
{ "type": "Feature", "properties": { "codigo_provincia": "06", "codigo_municipio": "004", "nombre": "RECINTO FERIAL", "tipo_lonja": "FE", "titularidad": "EM", "gestion": "EM", "superficie_cubierta": 0.0, "superficie_aire": 10727.0, "superficie_solar": 10727.0, "estado": "R", "referencia_catastral": "NA", "acceso_silla_ruedas": "SI" }, "geometry": { "type": "MultiPolygon", "coordinates": [ [ [ [ -6.243451237929303, 38.784099556760118 ], [ -6.243372641347388, 38.783451531203077 ], [ -6.242124103483832, 38.783563405235533 ], [ -6.242106630533496, 38.783177903898149 ], [ -6.242923914510066, 38.782948542210164 ], [ -6.242977635702925, 38.782997534067846 ], [ -6.243188074794569, 38.783100315337336 ], [ -6.243678963351779, 38.783214544704201 ], [ -6.244213202489347, 38.783064109750477 ], [ -6.244030179094555, 38.783554381533456 ], [ -6.243930877598751, 38.78382177013598 ], [ -6.243946865552659, 38.783854941791887 ], [ -6.243922824850867, 38.783899331427314 ], [ -6.243890963445856, 38.783940563361213 ], [ -6.243852110615704, 38.783978026500229 ], [ -6.243806991219273, 38.784010832499156 ], [ -6.243756434198964, 38.784038379265873 ], [ -6.243701495558177, 38.784060146648933 ], [ -6.243659384725784, 38.784050863994011 ], [ -6.243556362532804, 38.784077802924173 ], [ -6.243451237929303, 38.784099556760118 ] ] ] ] } },
{ "type": "Feature", "properties": { "codigo_provincia": "06", "codigo_municipio": "040", "nombre": "RECINTO FERIAL", "tipo_lonja": "FE", "titularidad": "MU", "gestion": "MU", "superficie_cubierta": 0.0, "superficie_aire": 9395.0, "superficie_solar": 9395.0, "estado": "B", "referencia_catastral": "NA", "acceso_silla_ruedas": "SI" }, "geometry": { "type": "MultiPolygon", "coordinates": [ [ [ [ -6.674594202129098, 38.724813388257971 ], [ -6.674545740674629, 38.724754313655268 ], [ -6.673897000170792, 38.723867366947452 ], [ -6.674644831572056, 38.723488225770971 ], [ -6.675083123529754, 38.724085643268175 ], [ -6.675332779920459, 38.724439067701461 ], [ -6.674594202129098, 38.724813388257971 ] ] ] ] } },
{ "type": "Feature", "properties": { "codigo_provincia": "06", "codigo_municipio": "122", "nombre": "RECINTO FERIAL", "tipo_lonja": "FE", "titularidad": "MU", "gestion": "MU", "superficie_cubierta": 660.0, "superficie_aire": 31742.0, "superficie_solar": 32402.0, "estado": "B", "referencia_catastral": "NA", "acceso_silla_ruedas": "SI" }, "geometry": { "type": "MultiPolygon", "coordinates": [ [ [ [ -6.378129536762496, 38.439806107439615 ], [ -6.37758791425647, 38.439534196833179 ], [ -6.377479161512864, 38.439537334146713 ], [ -6.377330428737157, 38.439517153414165 ], [ -6.377181411108761, 38.439490862899007 ], [ -6.376974598378344, 38.439392825507632 ], [ -6.376918797586536, 38.43936384593102 ], [ -6.376586842439675, 38.439251063802431 ], [ -6.376350668150241, 38.439190578915827 ], [ -6.376294867747724, 38.439161599021958 ], [ -6.376217757188371, 38.439176058286911 ], [ -6.375954213913802, 38.439195893349336 ], [ -6.375759443553232, 38.439189273677528 ], [ -6.375594890972483, 38.439163429029769 ], [ -6.375507449207213, 38.439123125393728 ], [ -6.375483006030596, 38.439099358861277 ], [ -6.375277050803018, 38.439019647109191 ], [ -6.375114287156157, 38.43886527615922 ], [ -6.375225921000908, 38.438256394660009 ], [ -6.375300752835265, 38.438193059261458 ], [ -6.37688789614255, 38.438367534349183 ], [ -6.378072895789452, 38.438425117304838 ], [ -6.378357956408439, 38.438533130583238 ], [ -6.378329377050862, 38.43875419628904 ], [ -6.378271223432496, 38.438841523581665 ], [ -6.378148572792319, 38.439046950147905 ], [ -6.378791676302294, 38.439493345980772 ], [ -6.378129536762496, 38.439806107439615 ] ] ] ] } },
{ "type": "Feature", "properties": { "codigo_provincia": "06", "codigo_municipio": "022", "nombre": "MERCADO DE ABASTOS", "tipo_lonja": "ME", "titularidad": "MU", "gestion": "MU", "superficie_cubierta": 797.0, "superficie_aire": 0.0, "superficie_solar": 797.0, "estado": "B", "referencia_catastral": "NA", "acceso_silla_ruedas": "NO" }, "geometry": { "type": "MultiPolygon", "coordinates": [ [ [ [ -6.590088252492111, 38.380168077155318 ], [ -6.59009363178387, 38.380199516766673 ], [ -6.590027001471452, 38.380205321668782 ], [ -6.590019662707689, 38.380211566532402 ], [ -6.590017939530541, 38.380215381794805 ], [ -6.589829465519739, 38.380231693823461 ], [ -6.589825424434103, 38.38022730275938 ], [ -6.589818519797213, 38.380222999467534 ], [ -6.589754752981197, 38.380228716444229 ], [ -6.589751320034417, 38.380197969645771 ], [ -6.589818793383699, 38.38018988159547 ], [ -6.589775501554887, 38.379875163444154 ], [ -6.589990626668372, 38.379856529610926 ], [ -6.590037886157734, 38.380174135996633 ], [ -6.59003784898624, 38.380173384647719 ], [ -6.59005308407642, 38.380172165150803 ], [ -6.590088252492111, 38.380168077155318 ] ] ] ] } },
{ "type": "Feature", "properties": { "codigo_provincia": "06", "codigo_municipio": "002", "nombre": "RECINTO FERIAL", "tipo_lonja": "FE", "titularidad": "MU", "gestion": "MU", "superficie_cubierta": 7663.0, "superficie_aire": 7663.0, "superficie_solar": 7663.0, "estado": "B", "referencia_catastral": "NA", "acceso_silla_ruedas": "SI" }, "geometry": { "type": "MultiPolygon", "coordinates": [ [ [ [ -6.483231282929426, 38.6530210440079 ], [ -6.48277571838601, 38.65256276068019 ], [ -6.482328076509222, 38.652102293249868 ], [ -6.481721339158572, 38.651500587191066 ], [ -6.481211940255788, 38.651024698791012 ], [ -6.481094387819324, 38.650969304716874 ], [ -6.481000177618314, 38.650956283959204 ], [ -6.480900013882638, 38.650931774000334 ], [ -6.480900419834661, 38.650910684227682 ], [ -6.480982224407589, 38.650911151590158 ], [ -6.481160812221426, 38.650904098524059 ], [ -6.481328317548138, 38.650987452391639 ], [ -6.481732777990027, 38.651356495285363 ], [ -6.482069390593116, 38.651692913762467 ], [ -6.482172284639449, 38.65171929544826 ], [ -6.482269116323059, 38.651666174257535 ], [ -6.482400319058354, 38.651592973808143 ], [ -6.482511449511414, 38.651606983960455 ], [ -6.482604404366073, 38.651656180754344 ], [ -6.482850466075316, 38.651901754458969 ], [ -6.482988325968476, 38.652057011773003 ], [ -6.483007205105072, 38.652127471181224 ], [ -6.482959740842839, 38.652196443825176 ], [ -6.482908645084068, 38.652236076473052 ], [ -6.482872126110666, 38.652302990555604 ], [ -6.482893043369181, 38.652369924727687 ], [ -6.482914237837526, 38.652397008905844 ], [ -6.483545882276423, 38.65302510895625 ], [ -6.483489772027456, 38.653068269094547 ], [ -6.483459181276186, 38.653043347984237 ], [ -6.483380163580427, 38.653099403562742 ], [ -6.483313917420992, 38.653105170928121 ], [ -6.483265581622581, 38.653055962188745 ], [ -6.483231282929426, 38.6530210440079 ] ] ] ] } },
{ "type": "Feature", "properties": { "codigo_provincia": "06", "codigo_municipio": "121", "nombre": "GALERÍA COMERCIAL", "tipo_lonja": "ME", "titularidad": "MU", "gestion": "PV", "superficie_cubierta": 384.0, "superficie_aire": 0.0, "superficie_solar": 384.0, "estado": "B", "referencia_catastral": "6867143QC0766N0001FG", "acceso_silla_ruedas": "SI" }, "geometry": { "type": "MultiPolygon", "coordinates": [ [ [ [ -6.626439258549668, 38.613864194520239 ], [ -6.62626029232299, 38.613868930677022 ], [ -6.62622977444753, 38.61366398234744 ], [ -6.62642361228417, 38.613646829537188 ], [ -6.626439258549668, 38.613864194520239 ] ] ] ] } },
{ "type": "Feature", "properties": { "codigo_provincia": "06", "codigo_municipio": "050", "nombre": "RECINTO FERIAL GANADERO", "tipo_lonja": "FE", "titularidad": "MU", "gestion": "MU", "superficie_cubierta": 4736.0, "superficie_aire": 15059.0, "superficie_solar": 19795.0, "estado": "B", "referencia_catastral": "6264201QC0266S0001AZ", "acceso_silla_ruedas": "SI" }, "geometry": { "type": "MultiPolygon", "coordinates": [ [ [ [ -6.647682905034188, 38.160479985832765 ], [ -6.647202691012144, 38.160616380508692 ], [ -6.647162145109386, 38.160492159082246 ], [ -6.646744445645024, 38.16043410840475 ], [ -6.646900019263976, 38.159734339225444 ], [ -6.647056914379651, 38.158949511194074 ], [ -6.647969229363659, 38.158900222243517 ], [ -6.64798469997173, 38.158910132602365 ], [ -6.64809161090148, 38.159010901843494 ], [ -6.648171564805922, 38.159108030350886 ], [ -6.648370140289959, 38.159627112828716 ], [ -6.648369343943669, 38.159703722918778 ], [ -6.648325700619138, 38.159847310359567 ], [ -6.648223012897596, 38.160010968967647 ], [ -6.647835275270998, 38.160478893883116 ], [ -6.647730112735744, 38.160500399167901 ], [ -6.647682905034188, 38.160479985832765 ] ] ] ] } },
{ "type": "Feature", "properties": { "codigo_provincia": "06", "codigo_municipio": "903", "nombre": "MERCADO MUNICIPAL", "tipo_lonja": "ME", "titularidad": "MU", "gestion": "MU", "superficie_cubierta": 390.0, "superficie_aire": 0.0, "superficie_solar": 390.0, "estado": "M", "referencia_catastral": "NA", "acceso_silla_ruedas": "SI" }, "geometry": { "type": "MultiPolygon", "coordinates": [ [ [ [ -6.691230626823496, 38.927171046743602 ], [ -6.690947421207353, 38.927210640634883 ], [ -6.690917439202423, 38.927070883596713 ], [ -6.691199601648137, 38.927033098291162 ], [ -6.691230626823496, 38.927171046743602 ] ] ] ] } },
{ "type": "Feature", "properties": { "codigo_provincia": "06", "codigo_municipio": "088", "nombre": "CASETA MUNICIPAL FERIAS", "tipo_lonja": "FE", "titularidad": "MU", "gestion": "MU", "superficie_cubierta": 807.0, "superficie_aire": 0.0, "superficie_solar": 807.0, "estado": "B", "referencia_catastral": "NA", "acceso_silla_ruedas": "NO" }, "geometry": { "type": "MultiPolygon", "coordinates": [ [ [ [ -6.585628655482782, 38.875198200919527 ], [ -6.585755085563304, 38.875284960518819 ], [ -6.585353857784542, 38.875640003051977 ], [ -6.585221390725677, 38.87553434510977 ], [ -6.585628655482782, 38.875198200919527 ] ] ] ] } },
{ "type": "Feature", "properties": { "codigo_provincia": "06", "codigo_municipio": "112", "nombre": "MERCADO DE ABASTOS", "tipo_lonja": "ME", "titularidad": "MU", "gestion": "MU", "superficie_cubierta": 236.0, "superficie_aire": 0.0, "superficie_solar": 236.0, "estado": "B", "referencia_catastral": "2540801TH5724S0001UO", "acceso_silla_ruedas": "NO" }, "geometry": { "type": "MultiPolygon", "coordinates": [ [ [ [ -5.841848471378397, 38.578341686126343 ], [ -5.841707848226227, 38.578272931303559 ], [ -5.841819207030292, 38.578148170322322 ], [ -5.841951808971048, 38.578219242626979 ], [ -5.841848471378397, 38.578341686126343 ] ] ] ] } },
{ "type": "Feature", "properties": { "codigo_provincia": "06", "codigo_municipio": "091", "nombre": "APARCAMIENTOS FERIAL-ZONA DEPORTIVA", "tipo_lonja": "LO", "titularidad": "OT", "gestion": "OT", "superficie_cubierta": 0.0, "superficie_aire": 5150.0, "superficie_solar": 5150.0, "estado": "B", "referencia_catastral": "6508404TJ8360N0001HK", "acceso_silla_ruedas": "SI" }, "geometry": { "type": "MultiPolygon", "coordinates": [ [ [ [ -5.470434988733423, 39.098759897634977 ], [ -5.470645110194, 39.099238408002712 ], [ -5.470815388093021, 39.099709351233223 ], [ -5.470395562294152, 39.09982059395228 ], [ -5.469850383434133, 39.098918091732941 ], [ -5.470434988733423, 39.098759897634977 ] ] ] ] } },
{ "type": "Feature", "properties": { "codigo_provincia": "06", "codigo_municipio": "095", "nombre": "MERCADO ECOLÓGICO", "tipo_lonja": "ME", "titularidad": "MU", "gestion": "MU", "superficie_cubierta": 86.0, "superficie_aire": 900.0, "superficie_solar": 986.0, "estado": "B", "referencia_catastral": "NA", "acceso_silla_ruedas": "SI" }, "geometry": { "type": "MultiPolygon", "coordinates": [ [ [ [ -7.098072814031175, 38.678881062794666 ], [ -7.097364303142963, 38.679168504922778 ], [ -7.097288716771573, 38.679053900128693 ], [ -7.098001169090541, 38.678768324535362 ], [ -7.098072814031175, 38.678881062794666 ] ] ] ] } },
{ "type": "Feature", "properties": { "codigo_provincia": "06", "codigo_municipio": "060", "nombre": "NAVE", "tipo_lonja": "FE", "titularidad": "MU", "gestion": "MU", "superficie_cubierta": 950.0, "superficie_aire": 497.0, "superficie_solar": 1447.0, "estado": "R", "referencia_catastral": "2252208QD5025S0001MU", "acceso_silla_ruedas": "SI" }, "geometry": { "type": "MultiPolygon", "coordinates": [ [ [ [ -6.093961039437763, 38.857944496203046 ], [ -6.09364600059065, 38.857893605569849 ], [ -6.093673202969739, 38.857809840248542 ], [ -6.093795410290949, 38.857455568743987 ], [ -6.093828048411631, 38.857333073632255 ], [ -6.093872380543289, 38.857307788610584 ], [ -6.094039609308656, 38.857343691662734 ], [ -6.094004122409883, 38.857449107473428 ], [ -6.093990086441109, 38.857490074408545 ], [ -6.093957030886135, 38.85758471036791 ], [ -6.094009627490742, 38.857655026276625 ], [ -6.093978365622807, 38.857754560234142 ], [ -6.093961039437763, 38.857944496203046 ] ] ] ] } },
{ "type": "Feature", "properties": { "codigo_provincia": "06", "codigo_municipio": "122", "nombre": "MERCADO DE ABASTOS", "tipo_lonja": "ME", "titularidad": "MU", "gestion": "MU", "superficie_cubierta": 644.0, "superficie_aire": 0.0, "superficie_solar": 644.0, "estado": "B", "referencia_catastral": "8292729QC2589A0001TJ", "acceso_silla_ruedas": "SI" }, "geometry": { "type": "MultiPolygon", "coordinates": [ [ [ [ -6.38609842795102, 38.449892322414378 ], [ -6.385978212319534, 38.449740513093595 ], [ -6.38617746194789, 38.449532723728282 ], [ -6.386366291589928, 38.449655409874836 ], [ -6.38609842795102, 38.449892322414378 ] ] ] ] } },
{ "type": "Feature", "properties": { "codigo_provincia": "06", "codigo_municipio": "011", "nombre": "MERCADO MUNICIPAL LAS MERCEDES", "tipo_lonja": "LO", "titularidad": "OT", "gestion": "OT", "superficie_cubierta": 1078.0, "superficie_aire": 0.0, "superficie_solar": 1078.0, "estado": "B", "referencia_catastral": "NA", "acceso_silla_ruedas": "SI" }, "geometry": { "type": "MultiPolygon", "coordinates": [ [ [ [ -6.410970386224986, 38.674920753717451 ], [ -6.411122718075444, 38.67477139685397 ], [ -6.411578599018132, 38.675045592480565 ], [ -6.41141926021401, 38.675198835950155 ], [ -6.410970386224986, 38.674920753717451 ] ] ] ] } },
{ "type": "Feature", "properties": { "codigo_provincia": "06", "codigo_municipio": "052", "nombre": "PABELLON RECINTO FERIAL", "tipo_lonja": "FE", "titularidad": "MU", "gestion": "MU", "superficie_cubierta": 1224.0, "superficie_aire": 0.0, "superficie_solar": 1224.0, "estado": "B", "referencia_catastral": "NA", "acceso_silla_ruedas": "SI" }, "geometry": { "type": "MultiPolygon", "coordinates": [ [ [ [ -6.302642762695118, 38.242098727627315 ], [ -6.302925972248889, 38.242498573551202 ], [ -6.302686893221021, 38.24260339332065 ], [ -6.302402458771673, 38.242212615398515 ], [ -6.302642762695118, 38.242098727627315 ] ] ] ] } },
{ "type": "Feature", "properties": { "codigo_provincia": "06", "codigo_municipio": "080", "nombre": "RECINTO FERIAL", "tipo_lonja": "FE", "titularidad": "CA", "gestion": "MU", "superficie_cubierta": 54.0, "superficie_aire": 26336.0, "superficie_solar": 26390.0, "estado": "B", "referencia_catastral": "2572146QD6127S0001MS", "acceso_silla_ruedas": "SI" }, "geometry": { "type": "MultiPolygon", "coordinates": [ [ [ [ -5.964844049602898, 38.965156095851569 ], [ -5.963365236286193, 38.965945240654435 ], [ -5.962904408072172, 38.965505291928963 ], [ -5.962061217729907, 38.965967691185753 ], [ -5.961983842973759, 38.965787102003141 ], [ -5.961982552891957, 38.96546470042194 ], [ -5.962299181531856, 38.965338114756776 ], [ -5.962510170957456, 38.965081445196574 ], [ -5.962500254196207, 38.964187890135818 ], [ -5.963823194461598, 38.964562055449122 ], [ -5.964043693610501, 38.964497179528799 ], [ -5.964638503271162, 38.964967004485601 ], [ -5.964844049602898, 38.965156095851569 ] ] ] ] } },
{ "type": "Feature", "properties": { "codigo_provincia": "06", "codigo_municipio": "059", "nombre": "CASETA MUNICIPAL", "tipo_lonja": "FE", "titularidad": "MU", "gestion": "MU", "superficie_cubierta": 660.0, "superficie_aire": 817.0, "superficie_solar": 1477.0, "estado": "B", "referencia_catastral": "2533101TH7423S0001TQ", "acceso_silla_ruedas": "SI" }, "geometry": { "type": "MultiPolygon", "coordinates": [ [ [ [ -5.603432207930586, 38.307376449749334 ], [ -5.603103300969872, 38.307557567605777 ], [ -5.602824817257279, 38.307260464461663 ], [ -5.603130598699066, 38.307062124852038 ], [ -5.603432207930586, 38.307376449749334 ] ] ] ] } },
{ "type": "Feature", "properties": { "codigo_provincia": "06", "codigo_municipio": "087", "nombre": "SOLAR FERIAS Y MERCADILLOS", "tipo_lonja": "LO", "titularidad": "OT", "gestion": "OT", "superficie_cubierta": 506.0, "superficie_aire": 7000.0, "superficie_solar": 7506.0, "estado": "B", "referencia_catastral": "NA", "acceso_silla_ruedas": "SI" }, "geometry": { "type": "MultiPolygon", "coordinates": [ [ [ [ -5.439295848228742, 38.589057210833111 ], [ -5.43813530819258, 38.589380904307795 ], [ -5.437878987566453, 38.588797735107491 ], [ -5.43802164694756, 38.588841183751747 ], [ -5.438980429045363, 38.588362965163249 ], [ -5.439295848228742, 38.589057210833111 ] ] ] ] } },
{ "type": "Feature", "properties": { "codigo_provincia": "06", "codigo_municipio": "047", "nombre": "CASETAS DE FERIA", "tipo_lonja": "FE", "titularidad": "MU", "gestion": "MU", "superficie_cubierta": 227.0, "superficie_aire": 60.0, "superficie_solar": 287.0, "estado": "B", "referencia_catastral": "3910107TH7831S0001QF", "acceso_silla_ruedas": "SI" }, "geometry": { "type": "MultiPolygon", "coordinates": [ [ [ [ -5.59869496744198, 38.647282452567872 ], [ -5.598340701828326, 38.647193440956762 ], [ -5.598371090749171, 38.647117147185362 ], [ -5.598722302469759, 38.647205045058222 ], [ -5.59869496744198, 38.647282452567872 ] ] ] ] } }
]
}
